CATEGORY,BARCODE,NAME,PRICE,PRICE_NORMALIZED,IMAGE,PL,CATEGORY_NAME,UNIT,DISPLAY,retailer,from,to
52,26322254,ΝΙΤΣΙΑΚΟΣ ΒΟΕΙΟ ΕΛ ΕΚ ΛΑΠΑΣΤΗΘ ΑΟ ΑΝΩ 5Μ,12.95,12.95,default_kalathi.png,1,Μοσχάρι,kg,,ab,20-08-2025,26-08-2025
52,GR9375,ΒΟΕΙΟ ΣΤΗΘΟΣ ΚΑΙ ΛΑΠΑ Α/Ο ΕΛΛ,12.95,12.95,default_kalathi.png,1,Μοσχάρι,kg,,ab,20-08-2025,26-08-2025
1,5201399020074,3ΑΛΦΑ ΡΥΖΙ ΚΑΡΟΛΙΝΑ 500GR Ε.Ε.,1.78,3.56,7085666.jpg,0,Ρύζι,Kg,,ab,20-08-2025,26-08-2025
1,5202336158133,ΑΒ ΕΠΙΛΟΓΗ ΡΥΖΙ ΚΑΡΟΛΙΝΑ 1KG,1.56,1.56,7637204.jpg,1,Ρύζι,Kg,,ab,20-08-2025,26-08-2025
2,5202336109876,ΑΒ ΨΩΜΙ ΤΟΣΤ ΣΙΚΑΛΗΣ 340ΓΡ,0.75,2.21,7347418.jpg,1,Ψωμί για Tοστ,Kg,,ab,20-08-2025,26-08-2025
3,5204647003683,ΑΡΤΟΠ/ΣΜΑ ΧΩΡΙΑΤΙΚΟ 350ΓΡ ΚΤΨ,0.68,1.94,7619515.jpg,1,Ψωμί Φραντζόλα,Kg,,ab,20-08-2025,26-08-2025
3,5214000155980,ΑΡΤΟΣ ΤΟΥ ΧΩΡΙΟΥ 350ΓΡ,0.99,2.83,7293943.jpg,0,Ψωμί Φραντζόλα,Kg,,ab,20-08-2025,26-08-2025
4,5201485000188,ΦΡΥΓΑΝΙΑ ΣΤΑΡΙΟΥ 250ΓΡ ELITE,1.10,4.40,7089406.jpg,0,Φρυγανιές,Kg,,ab,20-08-2025,26-08-2025
4,5202336159734,EMMA ΦΡΥΓΑΝΙΑ ΣΙΤΟΥ 500GR,1.30,2.60,default_kalathi.png,1,Φρυγανιές,Kg,,ab,20-08-2025,26-08-2025
5,5201013012508,ΜΑΚΒΕΛ ΣΠΑΓΓΕΤΙ N6 500GR,0.67,1.34,7467309.jpg,0,Μακαρόνια Νο 6,Kg,,ab,20-08-2025,26-08-2025
6,27093252,ΣΠΑΛΑ Α/Ο ΧΟΙΡΙΝΗ ΕΛΛΗΝΙΚΗ,8.20,8.20,default_kalathi.png,1,Νωπό Χοιρινό,Kg,,ab,20-08-2025,26-08-2025
7,27025864,AB ΚΟΤΟΠΟΥΛΟ ΟΛΟΚΛΗΡΟ,2.99,2.99,7603950.jpg,1,Νωπό Κοτόπουλο Ολόκληρο,Kg,,ab,20-08-2025,26-08-2025
8,29663514,ΓΑΛΟΠΟΥΛΑ ΒΡΑΣΤΗ TOSTAKI,7.70,7.70,7141275.jpg,0,Γαλοπούλα,Kg,,ab,20-08-2025,26-08-2025
8,29663576,ΓΑΛΟΠΟΥΛΑ ΚΑΠΝΙΣΤΗ TOSTAKI,7.70,7.70,7141282.jpg,0,Γαλοπούλα,Kg,,ab,20-08-2025,26-08-2025
8,5202336156634,ΑΒ ΕΠΙΛ ΓΑΛΟΠ ΚΑΠΝΙΣΤΗ ΦΕΤΕΣ 300ΓΡ,2.20,7.33,default_kalathi.png,1,Γαλοπούλα,Kg,,ab,20-08-2025,26-08-2025
9,29125692,ΑΒ ΜΠΑΚΑΛΙΑΡΟΣ 300/500Γ Α/Κ ΕΙΣΑΓΩΓΗΣ,4.35,4.35,7072811.jpg,1,Ψάρια Κατεψυγμένα,Kg,,ab,20-08-2025,26-08-2025
10,5202178001116,ΕΠΙΛΕΓΜΕΝΟ Φ.ΓΑΛΑ ΟΛΥΜΠΟΣ  ΠΛΗΡΕΣ 1LT,1.59,1.59,7076755.jpg,0,Γάλα Φρέσκο Πλήρες,lt,,ab,20-08-2025,26-08-2025
10,5202336155736,AB ΕΠΙΛΟΓΗ ΦΡΕΣΚΟ ΓΑΛΑ ΠΛΗΡΕΣ 1LT,1.05,1.05,7729435.jpg,1,Γάλα Φρέσκο Πλήρες,lt,,ab,20-08-2025,26-08-2025
10,5202336169160,AB ΕΠΙΛΟΓΗ ΦΡΕΣΚΟ ΓΑΛΑ ΠΛΗΡΕΣ 1LT,1.05,1.05,default_kalathi.png,1,Γάλα Φρέσκο Πλήρες,lt,,ab,20-08-2025,26-08-2025
11,5202178001178,ΕΠΙΛΕΓΜΕΝΟ Φ.ΓΑΛΑ ΟΛΥΜΠ.ΕΛ.1.7% 1L,1.59,1.59,7076872.jpg,0,Γάλα Φρέσκο (Χαμηλά Λιπαρά <2%),lt,,ab,20-08-2025,26-08-2025
11,5202336155712,AB ΕΠΙΛΟΓΗ  ΦΡΕΣΚΟ ΓΑΛΑ ΕΛΑΦΡΥ 1LT,1.05,1.05,7729454.jpg,1,Γάλα Φρέσκο (Χαμηλά Λιπαρά <2%),lt,,ab,20-08-2025,26-08-2025
11,5202336169146,AB ΕΠΙΛΟΓΗ ΦΡΕΣΚΟ ΓΑΛΑ ΕΛΑΦΡΥ 1LT,1.05,1.05,default_kalathi.png,1,Γάλα Φρέσκο (Χαμηλά Λιπαρά <2%),lt,,ab,20-08-2025,26-08-2025
12,5201037508032,ΒΛAXAΣ ΓAΛA EBAΠOPE ΠΛΗΡΕΣ 410G,1.19,2.90,default_kalathi.png,0,Γάλα Εβαπορέ,lt,,ab,20-08-2025,26-08-2025
12,5201037508063,ΒΛAXAΣ ΓAΛA EBAΠΟΡΕ EΛAΦPY 410G,1.19,2.90,default_kalathi.png,0,Γάλα Εβαπορέ,lt,,ab,20-08-2025,26-08-2025
12,5202336127627,AB ΓΑΛΑ ΕΒΑΠΟΡΕ 7.8% ΠΛΗΡΕΣ 170G,0.48,2.82,7579709.jpg,1,Γάλα Εβαπορέ,lt,,ab,20-08-2025,26-08-2025
12,5202336127641,AB ΓΑΛΑ ΕΒΑΠΟΡΕ 4% LIGHT 170G,0.48,2.82,7579741.jpg,1,Γάλα Εβαπορέ,lt,,ab,20-08-2025,26-08-2025
13,5202178002274,ΟΛΥΜΠΟΣ ΣΤΡ/ΣΤΟ ΓΙΑΟΥΡΤΙ 2% 3Χ200Γ,3.39,5.65,7076661.jpg,0,Γιαούρτι από Γάλα Αγελάδος Χωρίς Γεύσεις,kg,,ab,20-08-2025,26-08-2025
13,5202336035694,AB ΑΓΕΛΑΔΟΣ 3.9% ΓΙΑΟΥΡΤΙ 3Χ200ΓΡ,1.38,2.30,7080174.jpg,1,Γιαούρτι από Γάλα Αγελάδος Χωρίς Γεύσεις,kg,,ab,20-08-2025,26-08-2025
14,5202178008108,ΟΛΥΜΠΟΣ ΣΤΡ/ΣΤΟ ΓΙΑΟΥΡΤΙ 5% 3Χ200GR,3.39,5.65,7536738.jpg,0,Γιαούρτι από Γάλα Αγελάδος Χωρίς Γεύσεις (Χαμηλά Λιπαρά <2%),kg,,ab,20-08-2025,26-08-2025
14,5202336035700,AB ΓΙΑΟΥΡΤΙ ΑΓΕΛΑΔΟΣ 2% 3Χ200ΓΡ,1.38,2.30,7080184.jpg,1,Γιαούρτι από Γάλα Αγελάδος Χωρίς Γεύσεις (Χαμηλά Λιπαρά <2%),kg,,ab,20-08-2025,26-08-2025
15,5202336157235,ΑΒ ΚΣΕΓ ΦΕΤΑ ΠΟΠ ΤΡΙΠΟΛΕΩΣ 400G VACUUM,3.95,9.88,7737722.jpg,1,Τυρί Φέτα,kg,,ab,20-08-2025,26-08-2025
16,5201953990713,GOUDA ΣΕ ΦΕΤΕΣ 400ΓΡ,2.88,7.20,7301299.jpg,1,Τυρί Γκούντα,kg,,ab,20-08-2025,26-08-2025
17,15201953000419,GOUDA LIGHT ΣΕ ΦΕΤΕΣ 200GR,1.95,9.75,7303540.jpg,1,Τυρί με Χαμηλά Λιπαρά,kg,,ab,20-08-2025,26-08-2025
18,5201106271270,PUMMARO PASSATA ΚΛΑΣΙΚΟ 500GR,0.68,1.36,7085895.jpg,0,Χυμός Τομάτας Διατηρημένος,kg,,ab,20-08-2025,26-08-2025
18,GRHC3270464,GUSTONA 6/8 ΠΑΣΑΤΑ ΤΟΜΑΤΑ 500G,0.47,0.94,7718936.jpg,1,Χυμός Τομάτας Διατηρημένος,kg,,ab,20-08-2025,26-08-2025
19,5202336162185,AB ΕΠ ΑΥΓΑ 12ΑΔΑ ΑΧΥΡΩΝΑ Μ 53/63G,2.88,0.24,7674481.jpg,1,Αυγά,τμχ,,ab,20-08-2025,26-08-2025
20,5208069003115,SUPER FRESCO ΜΑΡΓΑΡ.ΚΛΑΣΙΚΟ 200G,0.80,4.00,7633040.jpg,0,Μαργαρίνες,kg,,ab,20-08-2025,26-08-2025
21,5202336008858,ΑΒ ΕΧΤΡΑ ΠΑΡΘ.ΕΛΑΙΟΛΑΔΟ 1LTΦ/ΠΛΑΣΤ,6.79,6.79,7062286.jpg,1,Παρθένο Ελαιόλαδο,lt,,ab,20-08-2025,26-08-2025
22,8590421067727,GUSTONA ΗΛΙΕΛΑΙΟ 1LT,1.75,1.75,7735645.jpg,1,Ηλιέλαιο,lt,,ab,20-08-2025,26-08-2025
23,5201310000437,ΥΦΑΝΤΗΣ ΑΡΑΚΑΣ 1KG,2.55,2.55,7739492.jpg,0,Λαχανικά Κατεψυγμένα,kg,,ab,20-08-2025,26-08-2025
23,5201310000468,ΥΦΑΝΤΗΣ ΦΑΣΟΛΑΚΙΑ ΠΛΑΤΥ 1KG,2.65,2.65,7739484.jpg,0,Λαχανικά Κατεψυγμένα,kg,,ab,20-08-2025,26-08-2025
24,5202336024438,ΑΒ ΖΑΧΑΡΗ ΛΕΥΚΗ ΚΡΥΣ/ΚΗ Ε.Ε.1KG,0.70,0.70,7473026.jpg,1,Λευκή Ζάχαρη,kg,,ab,20-08-2025,26-08-2025
24,5202336128600,ΑΒ ΖΑΧΑΡΗ ΛΕΥΚΗ ΚΡΥΣ/ΚΗ Ε.Ε. 1KG,0.70,0.70,7616633.jpg,1,Λευκή Ζάχαρη,kg,,ab,20-08-2025,26-08-2025
25,5201002000233,ΓIΩTHΣ ΦAPIN ΛAKTE 300GR,2.42,8.07,7134656.jpg,0,Κρέμες για βρέφη,kg,,ab,20-08-2025,26-08-2025
26,5202353004819,ALMIRON 1+ GROWING UP  1LT,2.13,2.13,7068172.jpg,0,Γάλα για βρέφη,kg,,ab,20-08-2025,26-08-2025
26,5202353004826,ALMIRON GROWING UP 2+  1LT,2.13,2.13,7068174.jpg,0,Γάλα για βρέφη,kg,,ab,20-08-2025,26-08-2025
27,5201075011730,ΦΙΛΙΟΣ ΠΑΡΑΔΟΣΙΑΚΟΣ ΕΛ/ΚΟΣ ΚΑΦΕΣ 96GR,1.18,12.29,7727862.jpg,1,Ελληνικός Καφές,kg,,ab,20-08-2025,26-08-2025
28,5202336139255,PERLA GOLD ΣΤΙΓΜΙΑΙΟΣ ΚΑΦΕΣ 200GR,5.40,27.00,7668915.jpg,1,Στιγμιαίος Καφές,kg,,ab,20-08-2025,26-08-2025
28,5949065033859,PERLA ΣΤΙΓΜΙΑΙΟΣ ΚΑΦΕΣ 200GR TIN,6.80,34.00,7668972.jpg,1,Στιγμιαίος Καφές,kg,,ab,20-08-2025,26-08-2025
29,5202336163946,PERLA ΚΑΦΕΣ ΦΙΛΤΡΟΥ ΦΟΥΝΤΟΥΚΙ 244GR,4.90,20.08,default_kalathi.png,1,Γαλλικός Καφές,kg,,ab,20-08-2025,26-08-2025
30,5202336078011,ΑΒ ΦΡΟΥΚΤΟΖΗ 200GR,1.47,7.35,7072077.jpg,1,Γλυκαντικές Ουσίες Κατάλληλες για Διαβητικούς,kg,,ab,20-08-2025,26-08-2025
30,7640110709481,CANDEREL STEVIA POWEDR 500G,6.85,13.70,7550004.jpg,0,Γλυκαντικές Ουσίες Κατάλληλες για Διαβητικούς,kg,,ab,20-08-2025,26-08-2025
32,5201502247619,AGRINO ΦΑΚΕΣ ΨΙΛΕΣ 500GR ΕΙΣ.,1.90,3.80,7085580.jpg,0,Φακές,kg,,ab,20-08-2025,26-08-2025
32,5202336137633,ΑΒ ΦΑΚΕΣ ΨΙΛΕΣ 500G ΕΙΣΑΓΩΓΗΣ,0.94,1.88,7142787.jpg,1,Φακές,kg,,ab,20-08-2025,26-08-2025
33,5202336024469,AB ΦΥΣΙΚΟΣ ΧΥΜΟΣ ΠΟΡΤΟΚΑΛΙ 1LT,1.40,1.40,7091821.jpg,1,Χυμός Πορτοκάλι,lt,,ab,20-08-2025,26-08-2025
35,5202336128143,ΑΒ ΣΚΟΝΗ ΠΛΥΝΤ.ACTIVE CLEAN 75MEZ,6.59,0.09,7584379.jpg,1,Απορρυπαντικά Πλυντηρίου,μεζ,,ab,20-08-2025,26-08-2025
36,5202336119462,AB ΧΛΩΡΟΚΑΘΑΡΙΣΤΙΚΟ UL.FRESH 1250ML,0.93,0.74,7568693.jpg,1,Απορρυπαντικά για Σφουγγάρισμα - Χλωρίνες,lt,,ab,20-08-2025,26-08-2025
36,5202336127764,AB ΧΛΩΡΟΚΑΘΑΡΙΣΤΙΚΟ UL.LEMON 1250ML,0.93,0.74,7568679.jpg,1,Απορρυπαντικά για Σφουγγάρισμα - Χλωρίνες,lt,,ab,20-08-2025,26-08-2025
36,5202336127801,AB ΧΛΩΡΟΚΑΘΑΡΙΣΤΙΚΟ UL.PINK 1250ML,0.93,0.74,7568692.jpg,1,Απορρυπαντικά για Σφουγγάρισμα - Χλωρίνες,lt,,ab,20-08-2025,26-08-2025
37,5202336149544,ΑΒ ΥΓΡΟ ΠΙΑΤΩΝ REGULAR 500ML,0.95,1.90,7638032.jpg,1,Απορρυπαντικά Πιάτων,lt,,ab,20-08-2025,26-08-2025
37,5202336149568,ΑΒ ΥΓΡΟ ΠΙΑΤΩΝ ΛΕΜΟΝΙ 500ML,0.95,1.90,7638021.jpg,1,Απορρυπαντικά Πιάτων,lt,,ab,20-08-2025,26-08-2025
38,5202336021536,ΑΒ ΧΑΡΤΙ ΚΟΥΖΙΝΑΣ 800GR,2.50,3.13,7114202.jpg,1,Χαρτί Κουζίνας,kg,,ab,20-08-2025,26-08-2025
39,6920354836077,COLGATE ΟΔ/ΜΑ BAK.SODA 75ML,1.00,13.33,7111615.jpg,0,Οδοντόκρεμα,kg,,ab,20-08-2025,26-08-2025
40,GRHC6350841,ΑΒ ΧΑΡΤΙ ΥΓΕΙΑΣ 10ΡΟΛΑ 2PLY,2.46,3.28,7745000.jpg,1,Χαρτί Υγείας,τμχ,,ab,20-08-2025,26-08-2025
41,5201263003943,EDAY U.PL.SENS NORMAL ECO 18+ΤΣΑΝΤΑΚΙ ΔΩ,2.20,0.12,default_kalathi.png,0,Σερβιέτες ή Ταμπόν,τμχ,,ab,20-08-2025,26-08-2025
41,5201263003950,EDAY U.PLUS SENS SUP.ECO 18+ΤΣΑΝΤΑΚΙ ΔΩΡ,2.20,0.12,default_kalathi.png,0,Σερβιέτες ή Ταμπόν,τμχ,,ab,20-08-2025,26-08-2025
41,5201263003967,ED U.P.SENS.NIGHT ECO 18+ΤΣΑΝΤΑΚΙ ΔΩΡΟ,2.20,0.12,default_kalathi.png,0,Σερβιέτες ή Ταμπόν,τμχ,,ab,20-08-2025,26-08-2025
41,5201263006371,ED U.P.SENSITIVE NORMAL ECONOMY 18ΤΕΜ,2.20,0.12,7145735.jpg,0,Σερβιέτες ή Ταμπόν,τμχ,,ab,20-08-2025,26-08-2025
41,5201263006388,ED U.P.SENSITIVE SUPER ECONOMY 18Τ,2.20,0.12,7145822.jpg,0,Σερβιέτες ή Ταμπόν,τμχ,,ab,20-08-2025,26-08-2025
41,5201263006395,ED U.P.SENSITIVE M.NIGHT ECONOMY 18Τ,2.20,0.12,7145698.jpg,0,Σερβιέτες ή Ταμπόν,τμχ,,ab,20-08-2025,26-08-2025
41,5949065032890,CARE ΤΑΜΠΟΝ NORMAL 32T,2.66,0.08,7742200.jpg,1,Σερβιέτες ή Ταμπόν,τμχ,,ab,20-08-2025,26-08-2025
42,8590421070512,EMMA ΝΙΦΑΔΕΣ ΒΡΩΜΗΣ 500GR,0.95,1.90,7685010.jpg,1,Προϊόντα Βρώμης,kg,,ab,20-08-2025,26-08-2025
43,5201109002703,KARAVAKI ΣΑΜΠ.ΘΡΕΨΗ&ΕΝΥΔ.ΑΝΤΛ.600ML,2.67,4.45,7617092.jpg,0,Σαμπουάν,lt,,ab,20-08-2025,26-08-2025
44,5202336134403,CARE ΣΑΠΟΥΝΙ 3X125G,1.11,2.96,7614235.jpg,1,Σαπούνι Στερεό,kg,,ab,20-08-2025,26-08-2025
45,5201263083501,SANI ΑΝΟΙΧΤΗ ΠΑΝΑ MEDIUM N2 15T,7.39,0.49,7124225.jpg,0,Πάνες Ακράτειας,τμχ,,ab,20-08-2025,26-08-2025
45,5201263083518,SANI ΑΝΟΙΧΤΗ ΠΑΝΑ LARGE N3 12T,7.39,0.62,7124226.jpg,0,Πάνες Ακράτειας,τμχ,,ab,20-08-2025,26-08-2025
45,5201263083631,SANI ΑΝΟΙΧΤΗ ΠΑΝΑ EXTR.LARGE N4 10T,7.39,0.74,7113562.jpg,0,Πάνες Ακράτειας,τμχ,,ab,20-08-2025,26-08-2025
45,5201263086601,SANI PANTS SMALL NO1 14T,6.45,0.46,7128027.jpg,0,Πάνες Ακράτειας,τμχ,,ab,20-08-2025,26-08-2025
45,5201263086618,SANI PANTS MEDIUM NO2 14T,7.51,0.54,7128016.jpg,0,Πάνες Ακράτειας,τμχ,,ab,20-08-2025,26-08-2025
45,5201263086625,SANI PANTS LARGE NO3 14T,8.95,0.64,7127978.jpg,0,Πάνες Ακράτειας,τμχ,,ab,20-08-2025,26-08-2025
45,7322540593143,TENA LADY MAXI INSTA-DRY 12T,4.49,0.37,7133541.jpg,0,Πάνες Ακράτειας,τμχ,,ab,20-08-2025,26-08-2025
45,7322541096667,TENA LADY MAXI NIGHT 12ΤΕΜ.,4.59,0.38,7117368.jpg,0,Πάνες Ακράτειας,τμχ,,ab,20-08-2025,26-08-2025
45,7322541132136,TENA LADY EXTRA 20T,4.89,0.24,7226107.jpg,0,Πάνες Ακράτειας,τμχ,,ab,20-08-2025,26-08-2025
46,5201263082573,BABYLINO SENS.ECONOMY N3 4 9KG 56T,9.98,0.18,7633002.jpg,0,Πάνες για Μωρά,τμχ,,ab,20-08-2025,26-08-2025
46,5201263082580,BABYLINO SENS.ECONOMY N4 8 13KG 50T,9.98,0.20,7633012.jpg,0,Πάνες για Μωρά,τμχ,,ab,20-08-2025,26-08-2025
46,5201263082597,BABYLINO SENS.ECO.N4+ 10 15KG 46T,9.98,0.22,7632966.jpg,0,Πάνες για Μωρά,τμχ,,ab,20-08-2025,26-08-2025
46,5201263082603,BABYLINO SENS ECO.N5 11 16 KG 44T  ,9.98,0.23,7633006.jpg,0,Πάνες για Μωρά,τμχ,,ab,20-08-2025,26-08-2025
46,5201263082627,BABYLINO SENS.ECONOMY N2 3 6KG 50T,5.99,0.12,7633000.jpg,0,Πάνες για Μωρά,τμχ,,ab,20-08-2025,26-08-2025
46,5201263082634,BABYLINO SENS ECO.N5+ 12 17KG 42T,9.98,0.24,7637767.jpg,0,Πάνες για Μωρά,τμχ,,ab,20-08-2025,26-08-2025
46,5201263825019,BABYLINO SENS ECONOMY N1 2 5KG/68Τ,7.90,0.12,default_kalathi.png,0,Πάνες για Μωρά,τμχ,,ab,20-08-2025,26-08-2025
46,5201263826108,BABYLINO SENS ECO NΟ6 13 18KG 38T,9.49,0.25,7637774.jpg,0,Πάνες για Μωρά,τμχ,,ab,20-08-2025,26-08-2025
46,5201263826207,BABYLINO SENS ECONOMY N2 3 6KG/64T,7.65,0.12,default_kalathi.png,0,Πάνες για Μωρά,τμχ,,ab,20-08-2025,26-08-2025
46,5201263826405,BABYLINO SENS ECO NΟ7 15+KG 36T,9.49,0.26,7637831.jpg,0,Πάνες για Μωρά,τμχ,,ab,20-08-2025,26-08-2025
46,5201263890253,BABYLINO PANTS ECO N4 7/13KG 38T,8.84,0.23,7706251.jpg,0,Πάνες για Μωρά,τμχ,,ab,20-08-2025,26-08-2025
46,5201263890260,BABYLINO PANTS ECO N5 10/16KG 34T,8.84,0.26,7706298.jpg,0,Πάνες για Μωρά,τμχ,,ab,20-08-2025,26-08-2025
46,5201263890277,BABYLINO PANTS ECO N6 13/18KG 31T,8.84,0.29,7706299.jpg,0,Πάνες για Μωρά,τμχ,,ab,20-08-2025,26-08-2025
46,5201263890284,BABYLINO PANTS ECO N7 15/25KG 28T,8.84,0.32,7706300.jpg,0,Πάνες για Μωρά,τμχ,,ab,20-08-2025,26-08-2025
47,5201263078439,BABYCARE ΜΩΡ/ΛΑ SENSIT.PLUS 3X54Τ,2.20,0.01,7742963.jpg,0,Μωρομάντηλα,τμχ,,ab,20-08-2025,26-08-2025
48,5201410220056,SEPTONA ΣΑΜΠ&ΑΦΡ/ΤΡΟ ΑΛΟΗ 500ML,2.67,5.34,7149350.jpg,0,Σαμπουάν για Μωρά,lt,,ab,20-08-2025,26-08-2025
49,5400601000785,365 ΣΚΥΛΟΤΡΟΦΗ ΒΟΔΙΝΟ 300GR,0.72,2.40,7063114.jpg,1,Τροφή για Σκύλους,kg,,ab,20-08-2025,26-08-2025
49,5400601006848,365 ΣΚΥΛΟΤΡΟΦΗ ΚΟΤΟΠΟΥΛΟ 300GR,0.72,2.40,7063115.jpg,1,Τροφή για Σκύλους,kg,,ab,20-08-2025,26-08-2025
50,5400601000808,365 ΓΑΤ.ALU ΒΟΔΙΝΟ 100GR,0.37,3.70,7063119.jpg,1,Τροφή για γάτες,kg,,ab,20-08-2025,26-08-2025
50,5400601000815,365 ΓΑΤ.ALU ΠΟΥΛΕΡΙΚΑ 100GR,0.37,3.70,7063120.jpg,1,Τροφή για γάτες,kg,,ab,20-08-2025,26-08-2025
50,5400601000822,365 ΓΑΤ.ALU ΨΑΡΙ 100GR,0.37,3.70,7063121.jpg,1,Τροφή για γάτες,kg,,ab,20-08-2025,26-08-2025
51,5201544018406,Μ.ΑΓ.ΓΕΩΡΓΙΟΥ ΑΛ.ΓΟΧ ΟΙΚ.ΣΥΣΚ.3X1KG,3.15,1.05,default_kalathi.png,0,Αλεύρι,kg,,ab,20-08-2025,26-08-2025
53,29664306,ΠΑΡΙΖΑ TOSTAKI,4.45,4.45,7141249.jpg,0,Πάριζα,kg,,ab,20-08-2025,26-08-2025
53,5202336156733,ΑΒ ΕΠΙΛΟΓΗ ΠΑΡΙΖΑΚΙ 330ΓΡ,1.14,3.45,default_kalathi.png,1,Πάριζα,kg,,ab,20-08-2025,26-08-2025
54,5202336110308,AB ΓΑΛΑ ΥΨ.ΘΕΡΜΙΚΗΣ ΕΠΕΞ. ΠΛΗΡΕΣ 1L,1.10,1.10,7344931.jpg,1,Γάλα υψηλής παστερίωσης πλήρες,kg,,ab,20-08-2025,26-08-2025
55,5202336110315,AB ΓΑΛΑ ΥΨ.ΘΕΡΜΙΚΗΣ ΕΠΕΞ. ΕΛΑΦΡΥ 1L,1.10,1.10,7344879.jpg,1,Γάλα παστερίωσης με χαμηλά λιπαρά,kg,,ab,20-08-2025,26-08-2025
56,26915197,ΛΕΥΚΟ ΤΣΕΛΙΓΚΑΤΟ ΔΟΧΕΙΟ,5.90,5.90,default_kalathi.png,0,Λευκό τυρί,kg,,ab,20-08-2025,26-08-2025
56,5203197138227,ΛΕΥΚΟ ΤΥΡΙ ΒΕΡΓΙΝΑ ΤΑΠΕΡ 400ΓΡ,2.89,7.23,7558015.jpg,0,Λευκό τυρί,kg,,ab,20-08-2025,26-08-2025
57,5201502247527,AGRINO ΦΑΣΟΛΙΑ ΜΕΤΡΙΑ 500GR ΕΙΣ.,2.05,4.10,7085599.jpg,0,Φασόλια,kg,,ab,20-08-2025,26-08-2025
57,5202336137732,ΑΒ ΦΑΣΟΛΙΑ ΜΕΤΡΙΑ 500GR ΕΙΣΑΓ.,1.00,2.00,7225878.jpg,1,Φασόλια,kg,,ab,20-08-2025,26-08-2025
58,5201502247718,AGRINO ΡΕΒΥΘΙΑ ΑΝΑΠΟΦΛΟΙΩΤΑ 500GR ΕΙΣΑΓΩ,2.60,5.20,7085630.jpg,0,Ρεβύθια,kg,,ab,20-08-2025,26-08-2025
52,18902,ΒΟΕΙΟ ΠΟΝΤΙΚΙ ΝΩΠΟ Α/Ο Ν/Ζ ΙΣΠΑΝΙΑΣ,12.98,12.98,18902.jpg,0,Μοσχάρι,kg,,bazaar,20-08-2025,26-08-2025
1,5201502110043,AGRINO 500G ΡΥΖΙ ΛΑΙΣ ΚΑΡΟΛΙΝΑ,1.75,3.5,5201502110043.jpg,0,Ρύζι,Kg,,bazaar,20-08-2025,26-08-2025
1,5208086421251,FARMER 1KG ΡΥΖΙ ΚΑΡΟΛΙΝΑ,1.69,1.69,5208086421251.jpg,1,Ρύζι,Kg,,bazaar,20-08-2025,26-08-2025
2,5208086441426,ΚΑΛΗΜΕΡΑ 700G ΦΟΡΜΑ ΤΟΣΤ ΣΤΑΡΕΝΙΟ,1.35,1.93,5208086441426.jpg,1,Ψωμί για Tοστ,Kg,,bazaar,20-08-2025,26-08-2025
4,5201004058713,ΠΑΠΑΔΟΠΟΥΛΟΥ 127.5Gx4 ΦΡΥΓΑΝΙΕΣ ΣΙΤΟΥ,1.45,2.84,5201004058713.jpg,0,Φρυγανιές,Kg,,bazaar,20-08-2025,26-08-2025
5,5201013012508,ΜΑΚΒΕΛ 500G ΣΠΑΓΓΕΤΙ N.6,0.67,1.34,5201013012508.jpg,0,Μακαρόνια Νο 6,Kg,,bazaar,20-08-2025,26-08-2025
5,5201013020107,ΕΛΛΗΝΙΚΗ ΣΠΟΡΑ 500G ΣΠΑΓΓΕΤΙ No6,0.59,1.18,5201013020107.jpg,1,Μακαρόνια Νο 6,Kg,,bazaar,20-08-2025,26-08-2025
6,1501,ΧΟΙΡΙΝΟ ΛΑΙΜΟΣ ΝΩΠΟ Μ/Ο ΟΛΛΑΝΔΙΑΣ,5.45,5.45,18437.jpg,0,Νωπό Χοιρινό,Kg,,bazaar,20-08-2025,26-08-2025
7,01741,ΠΙΝΔΟΣ ΚΟΤΟΠΟΥΛΟ ΕΛΛΗΝΙΚΟ ΝΩΠΟ (ΧΥΜΑ),2.99,2.99,01741.jpg,0,Νωπό Κοτόπουλο Ολόκληρο,Kg,,bazaar,20-08-2025,26-08-2025
8,5202528068899,FARMER 200G ΓΑΛΟΠ ΚΑΠΝ ΤΕΤΡΑΓ ΣΕ ΦΕΤΕΣ,1.19,5.95,5202528068899.jpg,1,Γαλοπούλα,Kg,,bazaar,20-08-2025,26-08-2025
8,66357,CRETA TOSTAKI ΧΩΡ. ΓΛΟΥΤΕΝΗ ΓΑΛΟΠΟΥΛΑ ΚΑΠΝΙΣΤΗ,7.49,7.49,66357.jpg,0,Γαλοπούλα,Kg,,bazaar,20-08-2025,26-08-2025
9,5208116140008,ΚΑΛΛΙΜΑΝΗ 450G ΓΛΩΣΣΑ ΦΙΛΕΤΟ ΚΤΨ,7.59,16.87,5208116140008.jpg,0,Ψάρια Κατεψυγμένα,Kg,,bazaar,20-08-2025,26-08-2025
10,5202178001116,ΟΛΥΜΠΟΣ 1L ΦΡΕΣΚΟ ΓΑΛΑ ΕΠΙΛΕΓΜΕΝΟ ΠΛΗΡΕΣ,1.6,1.6,5202178001116.jpg,0,Γάλα Φρέσκο Πλήρες,lt,,bazaar,20-08-2025,26-08-2025
11,5202178001178,ΟΛΥΜΠΟΣ 1L ΦΡΕΣΚΟ ΓΑΛΑ ΕΠΙΛΕΓΜΕΝΟ ΕΛΑΦΡΥ,1.6,1.6,5202178001178.jpg,0,Γάλα Φρέσκο (Χαμηλά Λιπαρά <2%),lt,,bazaar,20-08-2025,26-08-2025
12,5201037508032,ΒΛΑΧΑΣ 410G ΓΑΛΑ ΕΒΑΠΟΡΕ ΠΛΗΡΕΣ 7.5%,1.17,2.85,5201037508032.jpg,0,Γάλα Εβαπορέ,lt,,bazaar,20-08-2025,26-08-2025
12,5201037508063,ΒΛΑΧΑΣ 410G ΓΑΛΑ ΕΒΑΠΟΡΕ ΕΛΑΦΡΥ 4%,1.17,2.85,5201037508063.jpg,0,Γάλα Εβαπορέ,lt,,bazaar,20-08-2025,26-08-2025
12,5208086433643,FARMER 410G ΓΑΛΑ ΠΛΗΡΕΣ ΕΒΑΠΟΡΕ,0.95,2.32,5208086433643.jpg,1,Γάλα Εβαπορέ,lt,,bazaar,20-08-2025,26-08-2025
13,5202234611860,ΚΡΙ ΚΡΙ 200Gx3 ΣΤΡΑΓΓΙΣΤΟ 5% ΛΙΠΑΡΑ,2.56,4.27,5202234611860.jpg,0,Γιαούρτι από Γάλα Αγελάδος Χωρίς Γεύσεις,kg,,bazaar,20-08-2025,26-08-2025
13,5208086428328,ΑΓΡΟΚΤΗΜΑ 1KG ΓΙΑΟΥΡΤΙ ΣΤΡΑΓΓΙΣΤΟ 10%,2.99,2.99,5208086428328.jpg,1,Γιαούρτι από Γάλα Αγελάδος Χωρίς Γεύσεις,kg,,bazaar,20-08-2025,26-08-2025
14,5202234160894,ΚΡΙ ΚΡΙ 200Gx3 ΣΤΡΑΓΓΙΣΤΟ 2% ΛΙΠΑΡΑ,2.56,4.27,5202234160894.jpg,0,Γιαούρτι από Γάλα Αγελάδος Χωρίς Γεύσεις (Χαμηλά Λιπαρά <2%),kg,,bazaar,20-08-2025,26-08-2025
14,5208086432165,ΑΓΡΟΚΤΗΜΑ 1KG ΓΙΑΟΥΡΤΙ ΣΤΡΑΓΓΙΣΤΟ 2%,2.99,2.99,5208086432165.jpg,1,Γιαούρτι από Γάλα Αγελάδος Χωρίς Γεύσεις (Χαμηλά Λιπαρά <2%),kg,,bazaar,20-08-2025,26-08-2025
15,94916,ΦΕΤΑ ΒΑΡΕΛΙ ΠΟΠ ΛΙΔΩΡΙΚΙΟΥ (vacuum),9.85,9.85,94916.jpg,0,Τυρί Φέτα,kg,,bazaar,20-08-2025,26-08-2025
16,5208086414468,ΑΓΡΟΚΤΗΜΑ ΓΚΟΥΝΤΑ 500G ΣΕ ΦΕΤΕΣ (FRESH PACK),3.43,6.86,5208086414468.jpg,1,Τυρί Γκούντα,kg,,bazaar,20-08-2025,26-08-2025
17,5208086414789,PALADIN 200G / 8-ΦΕΤΕΣ FINESSE ΤΥΡΙ LIGHT (FRESH PACK),1.92,9.6,5208086414789.jpg,1,Τυρί με Χαμηλά Λιπαρά,kg,,bazaar,20-08-2025,26-08-2025
18,5201106271270,PUMMARO 500G PASSATA ΚΛΑΣΣΙΚΟ,0.75,1.5,5201106271270.jpg,0,Χυμός Τομάτας Διατηρημένος,kg,,bazaar,20-08-2025,26-08-2025
18,5202908500001,THE RED FARM 500G ΤΟΜΑΤΑ PASSATA,0.57,1.14,5202908500001.jpg,1,Χυμός Τομάτας Διατηρημένος,kg,,bazaar,20-08-2025,26-08-2025
19,5208086423408,ΑΓΡΟΚΤΗΜΑ 6-ΤΜΧ ΑΥΓΑ MEDIUM,1.49,0.25,5208086423408.jpg,1,Αυγά,τμχ,,bazaar,20-08-2025,26-08-2025
20,8710448545064,REMIA GOLD 250G ΜΑΡΓΑΡΙΝΗ 80%  /ΑΛΟΥΜΙΝΟΧΑΡΤΟ,0.88,3.52,8710448545064.jpg,0,Μαργαρίνες,kg,,bazaar,20-08-2025,26-08-2025
21,5208086449019,ΠΑΡΑΔΟΣΙΑΚΟ ΕΚΛΕΚΤΟ 1L ΕΛΑΙΟΛΑΔΟ ΕΞΑΙΡΕΤΙΚΟ ΠΑΡΘΕΝΟ,6.95,6.95,5208086449019.jpg,1,Παρθένο Ελαιόλαδο,lt,,bazaar,20-08-2025,26-08-2025
22,5208086440979,FARMER 1L ΗΛΙΕΛΑΙΟ,1.75,1.75,5208086440979.jpg,1,Ηλιέλαιο,lt,,bazaar,20-08-2025,26-08-2025
23,5201262001285,ΜΠΑΡΜΠΑ ΣΤΑΘΗ 1KG ΑΡΑΚΑΣ ΚΤΨ,2.9,2.9,5201262001285.jpg,0,Λαχανικά Κατεψυγμένα,kg,,bazaar,20-08-2025,26-08-2025
23,5201262001292,ΜΠΑΡΜΠΑ ΣΤΑΘΗ 1KG ΦΑΣΟΛΑΚΙ ΣΤΡΟΓΓΥΛΟ ΚΤΨ,2.85,2.85,5201262001292.jpg,0,Λαχανικά Κατεψυγμένα,kg,,bazaar,20-08-2025,26-08-2025
23,5208086414543,FARMER 1KG ΑΡΑΚΑΣ ΚΤΨ,1.95,1.95,5208086414543.jpg,1,Λαχανικά Κατεψυγμένα,kg,,bazaar,20-08-2025,26-08-2025
23,5208086415182,FARMER 1KG ΦΑΣΟΛΑΚΙΑ ΣΤΡΟΓΓΥΛΑ ΚΤΨ,1.95,1.95,5208086415182.jpg,1,Λαχανικά Κατεψυγμένα,kg,,bazaar,20-08-2025,26-08-2025
24,5200120912039,ROYAL SUGAR 1KG ΖΑΧΑΡΗ  ΛΕΥΚΗ ΚΡΥΣΤΑΛΛΙΚΗ,0.75,0.75,5200120912039.jpg,0,Λευκή Ζάχαρη,kg,,bazaar,20-08-2025,26-08-2025
25,5201002000233,ΓΙΩΤΗΣ 300G FARINE LACTEE,2.75,9.17,5201002000233.jpg,0,Κρέμες για βρέφη,kg,,bazaar,20-08-2025,26-08-2025
26,5201037503754,ΔΕΛΤΑ 1L ADVANCE ΓΑΛΑ ΥΨΗΛΗΣ ΠΑΣΤΕΡΙΩΣΗΣ (ΦΙΑΛΗ),2.18,2.18,5201037503754.jpg,0,Γάλα για βρέφη,kg,,bazaar,20-08-2025,26-08-2025
27,5208086444953,ΚΑΛΗΜΕΡΑ 100G ΚΑΦΕΣ ΕΛΛΗΝΙΚΟΣ,1.79,17.9,5208086444953.jpg,1,Ελληνικός Καφές,kg,,bazaar,20-08-2025,26-08-2025
28,5208086439508,INSTACOFFEE 200G ΣΤΙΓΜΙΑΙΟΣ ΚΑΦΕΣ CLASSIC,6.8,34,5208086439508.jpg,1,Στιγμιαίος Καφές,kg,,bazaar,20-08-2025,26-08-2025
29,4000508087486,JACOBS 250G ΕΚΛΕΚΤΟΣ ΚΑΦΕΣ ΦΙΛΤΡΟΥ,5.9,23.6,4000508087486.jpg,0,Γαλλικός Καφές,kg,,bazaar,20-08-2025,26-08-2025
30,5208086444717,DELISSA 200G ΦΡΟΥΚΤΟΖΗ,1.19,5.95,5208086444717.jpg,1,Γλυκαντικές Ουσίες Κατάλληλες για Διαβητικούς,kg,,bazaar,20-08-2025,26-08-2025
32,5201502117127,AGRINO 500G ΦΑΚΕΣ ΨΙΛΕΣ ΚΑΝΑΔΑ,1.94,3.88,5201502117127.jpg,0,Φακές,kg,,bazaar,20-08-2025,26-08-2025
32,5208086400089,FARMER 500G ΦΑΚΕΣ ΨΙΛΕΣ,0.99,1.98,5208086400089.jpg,1,Φακές,kg,,bazaar,20-08-2025,26-08-2025
33,5208086441310,ΑΓΡΟΚΤΗΜΑ 1L ΦΥΣ. ΧΥΜΟΣ 100% ΠΟΡΤΟΚΑΛΙ ΛΑΚΩΝΙΑΣ,1.59,1.59,5208086441310.jpg,1,Χυμός Πορτοκάλι,lt,,bazaar,20-08-2025,26-08-2025
35,5208086445820,ALLDAY CLEAN 3L 30ΜΕΖ ΥΓΡΟ ΠΛΥΝΤ. ΛΩΤΟΣ ΟΡΧΙΔΕΑ,2.89,0.1,5208086445820.jpg,1,Απορρυπαντικά Πλυντηρίου,μεζ,,bazaar,20-08-2025,26-08-2025
36,5208086441815,ALLDAY CLEAN 2L ΧΛΩΡΙΟ REGULAR,0.95,0.47,5208086441815.jpg,1,Απορρυπαντικά για Σφουγγάρισμα - Χλωρίνες,lt,,bazaar,20-08-2025,26-08-2025
36,8712561465212,KLINEX 1L ΚΑΘΑΡΙΣΤΙΚΟ ΠΑΤΩΜΑΤΟΣ ΛΕΜΟΝΙ,1.8,1.8,8712561465212.jpg,0,Απορρυπαντικά για Σφουγγάρισμα - Χλωρίνες,lt,,bazaar,20-08-2025,26-08-2025
37,5208086446322,ALLDAY 1L ΥΓΡΟ ΠΙΑΤΩΝ LEMON,0.99,0.99,5208086446322.jpg,1,Απορρυπαντικά Πιάτων,lt,,bazaar,20-08-2025,26-08-2025
38,5208086449415,SOFTIES 800G ΧΑΡΤΙ ΚΟΥΖΙΝΑΣ ΛΕΥΚΟ,2.5,3.13,5208086449415.jpg,1,Χαρτί Κουζίνας,kg,,bazaar,20-08-2025,26-08-2025
39,6920354836077,COLGATE 75ML BAKING SODA,1,13.33,6920354836077.jpg,0,Οδοντόκρεμα,kg,,bazaar,20-08-2025,26-08-2025
40,5208086432677,BAZAAR SOFTIES 10-ΤΜΧ ΡΟΛΑ ΥΓΕΙΑΣ 3-ΦΥΛΛΑ (112Gx10),3.59,3.21,5208086432677.jpg,1,Χαρτί Υγείας,τμχ,,bazaar,20-08-2025,26-08-2025
41,5208086450060,ALLDAY 10-ΤΜΧ ULTRA SUPER NIGHT ΣΕΡΒΙΕΤΕΣ,0.99,0.1,5208086450060.jpg,0,Σερβιέτες ή Ταμπόν,τμχ,,bazaar,20-08-2025,26-08-2025
42,4008713713770,BRUGGEN 500G ΝΙΦΑΔΕΣ ΒΡΩΜΗΣ ΟΛΙΚΗΣ ΑΛΕΣΗΣ,0.96,1.92,4008713713770.jpg,0,Προϊόντα Βρώμης,kg,,bazaar,20-08-2025,26-08-2025
43,5201314157939,ORZENE 400ML ΣΑΜΠΟΥΑΝ ΜΠΥΡΑΣ ΛΙΠΑΡΑ,2.59,6.47,5201314157939.jpg,0,Σαμπουάν,lt,,bazaar,20-08-2025,26-08-2025
44,5201109601661,ΠΑΠΟΥΤΣΑΝΗ ΚΑΡΑΒΑΚΙ 125G ΣΑΠΟΥΝΙ ΛΕΥΚΟ,0.76,6.08,5201109601661.jpg,0,Σαπούνι Στερεό,kg,,bazaar,20-08-2025,26-08-2025
45,5207350000024,SENSI 10-ΤΜΧ ΑΝΟΙΧΤΗ ΠΑΝΑ ΕΝΗΛΙΚΩΝ MEDIUM,4.99,0.5,5207350000024.jpg,1,Πάνες Ακράτειας,τμχ,,bazaar,20-08-2025,26-08-2025
48,5201410220056,SEPTONA 500ML BABY ΣΑΜΠ & ΑΦΡΟΛ ΒΑΛΣ & ΑΛΟΗ,2.49,4.98,5201410220056.jpg,0,Σαμπουάν για Μωρά,lt,,bazaar,20-08-2025,26-08-2025
49,5208086440276,JOLLY DOG 300G ΣΚΥΛΟΥ ΠΑΤΕ ΒΟΔΙΝΟ-ΚΑΡΟΤΑ /ΔΙΣΚΑΚΙ,0.89,2.97,5208086440276.jpg,1,Τροφή για Σκύλους,kg,,bazaar,20-08-2025,26-08-2025
50,5208086439829,JOLLY CAT 100G ΓΑΤΑΣ ΠΑΤΕ ΒΟΔΙΝΟ ΚΑΡΔΙΑ /ΔΙΣΚΑΚΙ,0.45,4.5,5208086439829.jpg,1,Τροφή για γάτες,kg,,bazaar,20-08-2025,26-08-2025
51,5208086441402,ΑΓΡΟΚΤΗΜΑ 1KG ΑΛΕΥΡΙ ΓΙΑ ΟΛΕΣ ΤΙΣ ΧΡΗΣΕΙΣ Τ70%,0.65,0.65,5208086441402.jpg,1,Αλεύρι,kg,,bazaar,20-08-2025,26-08-2025
53,5202575007469,CRETA TOSTAKI 160G ΧΩΡ. ΓΛΟΥΤΕΝΗ ΠΑΡΙΖΑ ΦΕΤΕΣ,0.75,4.69,5202575007469.jpg,0,Πάριζα,kg,,bazaar,20-08-2025,26-08-2025
53,66430,CRETA TOSTAKI ΧΩΡ. ΓΛΟΥΤΕΝΗ ΠΑΡΙΖΑ,3.95,3.95,66430.jpg,0,Πάριζα,kg,,bazaar,20-08-2025,26-08-2025
54,5208086421121,FARMER 1L 3.5% ΓΑΛΑ ΜΑΚΡΑΣ ΔΙΑΡΚ. ΜΕ ΚΑΠΑΚΙ,1.05,1.05,5208086421121.jpg,1,Γάλα υψηλής παστερίωσης πλήρες,kg,,bazaar,20-08-2025,26-08-2025
55,5208086421275,FARMER 1L 1.5% ΓΑΛΑ ΜΑΚΡΑΣ ΔΙΑΡΚ.ΜΕ ΚΑΠΑΚΙ,0.99,0.99,5208086421275.jpg,1,Γάλα παστερίωσης με χαμηλά λιπαρά,kg,,bazaar,20-08-2025,26-08-2025
56,5208086426430,ΑΓΡΟΚΤΗΜΑ 400G ΛΕΥΚΟ ΤΥΡΙ (vacuum),2.48,6.2,5208086426430.jpg,1,Λευκό τυρί,kg,,bazaar,20-08-2025,26-08-2025
57,5201502117028,AGRINO 500G ΦΑΣΟΛΙΑ ΜΕΤΡΙΑ,2.09,4.18,5201502117028.jpg,0,Φασόλια,kg,,bazaar,20-08-2025,26-08-2025
57,5208086400058,FARMER 500G ΦΑΣΟΛΙΑ ΜΕΤΡΙΑ ΚΑΝΑΔΑ,1.15,2.3,5208086400058.jpg,1,Φασόλια,kg,,bazaar,20-08-2025,26-08-2025
58,5201399019054,3Α 500G ΕΛΛΗΝ. ΡΕΒΥΘΙΑ ΧΟΝΔΡΑ Ο.Ε.Π.,3.54,7.08,5201399019054.jpg,0,Ρεβύθια,kg,,bazaar,20-08-2025,26-08-2025
58,5208086400072,FARMER 500G ΡΕΒΥΘΙΑ ΧΟΝΤΡΑ,1.62,3.24,5208086400072.jpg,1,Ρεβύθια,kg,,bazaar,20-08-2025,26-08-2025
52,80021681,ΣΤΗΘΟΣ ΒΟΕΙΟΥ Μ/Ο ΓΑΛΛΙΑΣ - ΙΣΠΑΝΙΑΣ (Μόνο καταστήματα με τμήμα Κρεοπωλείου),8.90,8.90,default_kalathi.png,0,Μοσχάρι,kg,,galaxias,20-08-2025,26-08-2025
1,80037925,ΑΡΙΣΤΟΝ ΡΥΖΙ ΚΑΡΟΛΙΝΑ 500ΓΡ.,1.68,3.36,default_kalathi.png,0,Ρύζι,Kg,,galaxias,20-08-2025,26-08-2025
2,299948,ΠΑΠΑΔΟΠΟΥΛΟΥ ΓΕΥΣΗ ΣΙΤΟΥ 700ΓΡ.,1.45,2.07,default_kalathi.png,0,Ψωμί για Tοστ,Kg,,galaxias,20-08-2025,26-08-2025
2,301621,ΚΡΙΣ ΚΡΙΣ ΣΤΑΡΕΝΙΟ 700ΓΡ.,1.35,1.93,default_kalathi.png,0,Ψωμί για Tοστ,Kg,,galaxias,20-08-2025,26-08-2025
3,80020651/80020650,ΑΡΤΟΠΑΡΑΣΚΕΥΑΣΜΑ ΧΩΡΙΑΤΙΚΟ Ή ΧΩΡΙΑΤΙΚΟ ΣΟΥΣΑΜΕΝΙΟ 350γρ ΨΗ.-ΚΑΤ.,0.75,2.14,default_kalathi.png,0,Ψωμί Φραντζόλα,Kg,,galaxias,20-08-2025,26-08-2025
3,80040041,ΚΑΤΣΕΛΗΣ ΔΙΠΛΟΖΥΜΩΤΟ ΣΤΑΡΕΝΙΟ ΠΡΟΖΥΜΕΝΙΟ ΨΩΜΙ ΣΕ ΦΕΤΕΣ 500ΓΡ ,1.68,3.36,default_kalathi.png,0,Ψωμί Φραντζόλα,Kg,,galaxias,20-08-2025,26-08-2025
3,80044997,ΒΟΣΙΝΑΚΗ ΦΟΥΡΝΙΣΜΑΤΑ ΣΤΑΡΕΝΙΟ 500ΓΡ.,1.59,3.18,default_kalathi.png,0,Ψωμί Φραντζόλα,Kg,,galaxias,20-08-2025,26-08-2025
4,80050269,FORMA ΦΡΥΓΑΝΙΕΣ ΣΙΤΟΥ ΟΙΚΟΓ.ΣΥΣΚ.500ΓΡ.,1.41,2.82,default_kalathi.png,0,Φρυγανιές,Kg,,galaxias,20-08-2025,26-08-2025
5,80046039,ΜΑΚΒΕΛ ΣΠΑΓΓΕΤΙ Νο6 500ΓΡ.,0.64,1.28,default_kalathi.png,0,Μακαρόνια Νο 6,Kg,,galaxias,20-08-2025,26-08-2025
6,80027769,ΣΠΑΛΑ ΧΟΙΡΙΝΗ Μ/Ο ΟΛΛΑΝΔΙΑΣ (Μόνο καταστήματα με τμήμα Κρεοπωλείου),5.80,5.80,default_kalathi.png,0,Νωπό Χοιρινό,Kg,,galaxias,20-08-2025,26-08-2025
6,80027752,ΜΠΟΥΤΙ ΧΟΙΡΙΝΟ Μ/Ο ΟΛΛΑΝΔΙΑΣ (Μόνο καταστήματα με τμήμα Κρεοπωλείου),5.80,5.80,default_kalathi.png,0,Νωπό Χοιρινό,Kg,,galaxias,20-08-2025,26-08-2025
7,80044072,ΒΛΑΧΙΚΟ ΕΛΛΗΝIKO ΚΟΤΟΠΟΥΛΟ ΟΛΟΚΛΗΡΟ ΝΩΠΟ ΤΥΠΟΠΟΙΗΜΕΝΟ,2.90,2.90,default_kalathi.png,0,Νωπό Κοτόπουλο Ολόκληρο,Kg,,galaxias,20-08-2025,26-08-2025
7,80027945,ΚΟΤΟΠΟΥΛΟ ΟΛΟΚΛΗΡΟ ΝΩΠΟ ΕΛΛΗΝΙΚΟ  ΧΥΜΑ (ΚΑΤΑΣΤΗΜΑΤΑ ΕΥΒΟΙΑΣ με τμήμα Κρεοπωλείου) ,2.90,2.90,default_kalathi.png,0,Νωπό Κοτόπουλο Ολόκληρο,Kg,,galaxias,20-08-2025,26-08-2025
7,80044741,ΒΛΑΧΙΚΟ ΜΠΟΥΤΙ ΚΟΤΟΠΟΥΛΟ ΕΛΛΗΝΙΚΟ ΝΩΠΟ ΤΥΠΟΠΟΙΗΜΕΝΟ (Καταστήματα που διαθέτουν μόνο τυποποιημένα κρέατα),3.55,3.55,default_kalathi.png,0,Νωπό Κοτόπουλο Ολόκληρο,Kg,,galaxias,20-08-2025,26-08-2025
7,80027956,ΦΤΕΡΟΥΓΑ ΚΟΤΟΠΟΥΛΟ ΕΛΛΗΝΙΚΗ (Μόνο καταστήματα με τμήμα Κρεοπωλείου),2.50,2.50,default_kalathi.png,0,Νωπό Κοτόπουλο Ολόκληρο,Kg,,galaxias,20-08-2025,26-08-2025
8,381050,TOSTAKI ΓΑΛΟΠΟΥΛΑ ΒΡΑΣΤΗ,8.93,8.93,default_kalathi.png,0,Γαλοπούλα,Kg,,galaxias,20-08-2025,26-08-2025
8,381051,TOSTAKI ΓΑΛΟΠΟΥΛΑ ΚΑΠΝΙΣΤΗ,8.93,8.93,default_kalathi.png,0,Γαλοπούλα,Kg,,galaxias,20-08-2025,26-08-2025
8,80009714,ΠΑΣΣΙΑΣ Χ.ΓΛΟΥΤ. ΓΑΛΟΠΟΥΛΑ ΚΑΠΝΙΣΤΗ ΣΤΡΟΓΓΥΛΗ,7.80,7.80,default_kalathi.png,0,Γαλοπούλα,Kg,,galaxias,20-08-2025,26-08-2025
9,80023930,ΠΑΓΚΑΣΙΟΥΣ ΦΙΛ.Δ/Φ 1000ΓΡ.(Κ.Β.800ΓΡ.),4.75,5.94,default_kalathi.png,0,Ψάρια Κατεψυγμένα,Kg,,galaxias,20-08-2025,26-08-2025
10,80030760,ΜΑΝΔΡΕΚΑ ΦΡΕΣΚΟ ΓΑΛΑ ΠΛΗΡΕΣ 1ΛΤ (ΝΟΜΟΙ ΑΧΑΪΑΣ - ΚΟΡΙΝΘΟΥ - ΑΡΓΟΛΙΔΑΣ),1.54,1.54,default_kalathi.png,0,Γάλα Φρέσκο Πλήρες,lt,,galaxias,20-08-2025,26-08-2025
10,80030387,ΘΕΣ ΓΑΛΑ ΓΑΛΑ ΑΓΕΛΑΔΟΣ ΠΛΗΡΕΣ 1LT (ΜΟΝΟ ΘΕΣΣΑΛΙΑ),1.32,1.32,default_kalathi.png,0,Γάλα Φρέσκο Πλήρες,lt,,galaxias,20-08-2025,26-08-2025
10,351077,ΜΕΒΓΑΛ ΓΑΛΑ ΑΓΕΛΑΔΑΣ ΛΕΥΚΟ ΠΛΗΡΕΣ 3.7% 1LT (ΒΟΡΕΙΑ ΕΛΛΑΔΑ),1.37,1.37,default_kalathi.png,0,Γάλα Φρέσκο Πλήρες,lt,,galaxias,20-08-2025,26-08-2025
10,80036843,ΣΕΡΓΑΛ ΓΑΛΑ ΦΡΕΣΚΟ ΠΛΗΡΕΣ 1LT (ΜΑΚΕΔΟΝΙΑ - ΘΡΑΚΗ),1.12,1.12,default_kalathi.png,0,Γάλα Φρέσκο Πλήρες,lt,,galaxias,20-08-2025,26-08-2025
10,351231,ΟΛΥΜΠΟΣ ΕΠΙΛΕΓΜΕΝΟ ΓΑΛΑ 1LT. ΠΛΗΡΕΣ,1.59,1.59,default_kalathi.png,0,Γάλα Φρέσκο Πλήρες,lt,,galaxias,20-08-2025,26-08-2025
10,352830,ΔΩΔΩΝΗ ΓΑΛΑ ΠΛΗΡΕΣ 3.5%ΛΙΠ. 1LT (ΜΟΝΟ ΗΠΕΙΡΟΣ ),1.45,1.45,default_kalathi.png,0,Γάλα Φρέσκο Πλήρες,lt,,galaxias,20-08-2025,26-08-2025
11,80030761,ΜΑΝΔΡΕΚΑ ΦΡΕΣΚΟ ΓΑΛΑ ΕΛΑΦΡΥ 1ΛΤ (ΝΟΜΟΙ ΑΧΑΪΑΣ - ΚΟΡΙΝΘΟΥ - ΑΡΓΟΛΙΔΑΣ),1.54,1.54,default_kalathi.png,0,Γάλα Φρέσκο (Χαμηλά Λιπαρά <2%),lt,,galaxias,20-08-2025,26-08-2025
11,80030386,ΘΕΣ γαλα  ΓΑΛΑ ΑΓΕΛΑΔΟΣ ΕΛΑΦΡΥ 1LT (ΜΟΝΟ ΘΕΣΣΑΛΙΑ),1.32,1.32,default_kalathi.png,0,Γάλα Φρέσκο (Χαμηλά Λιπαρά <2%),lt,,galaxias,20-08-2025,26-08-2025
11,351080,ΜΕΒΓΑΛ ΓΑΛΑ ΑΓΕΛΑΔΑΣ ΛΕΥΚΟ LIGHT 1.5% 1LT (ΒΟΡΕΙΑ ΕΛΛΑΔΑ),1.37,1.37,default_kalathi.png,0,Γάλα Φρέσκο (Χαμηλά Λιπαρά <2%),lt,,galaxias,20-08-2025,26-08-2025
11,80036845,ΣΕΡΓΑΛ ΓΑΛΑ ΦΡΕΣΚΟ ΕΛΑΦΡΥ 1LT (ΜΑΚΕΔΟΝΙΑ - ΘΡΑΚΗ),1.12,1.12,default_kalathi.png,0,Γάλα Φρέσκο (Χαμηλά Λιπαρά <2%),lt,,galaxias,20-08-2025,26-08-2025
11,351227,ΟΛΥΜΠΟΣ ΕΠΙΛΕΓΜΕΝΟ ΕΛΑΦΡΥ 1LT.,1.59,1.59,default_kalathi.png,0,Γάλα Φρέσκο (Χαμηλά Λιπαρά <2%),lt,,galaxias,20-08-2025,26-08-2025
11,352831,ΔΩΔΩΝΗ  ΓΑΛΑ ΕΛΑΦΡΥ 1LT (ΜΟΝΟ ΗΠΕΙΡΟΣ),1.45,1.45,default_kalathi.png,0,Γάλα Φρέσκο (Χαμηλά Λιπαρά <2%),lt,,galaxias,20-08-2025,26-08-2025
12,320101,ΒΛΑΧΑΣ ΕΒΑΠΟΡΕ 410ΓΡ,1.16,2.83,default_kalathi.png,0,Γάλα Εβαπορέ,lt,,galaxias,20-08-2025,26-08-2025
12,320106,ΒΛΑΧΑΣ ΕΛΑΦΡΥ ΕΒΑΠΟΡΕ 410ΓΡ.,1.16,2.83,default_kalathi.png,0,Γάλα Εβαπορέ,lt,,galaxias,20-08-2025,26-08-2025
13,80044670,ΚΟΛΙΟΣ ΓΙΑΟΥΡΤΙ ΑΓΕΛΑΔΟΣ 3.85% 3x200ΓΡ.      ,1.65,2.75,default_kalathi.png,0,Γιαούρτι από Γάλα Αγελάδος Χωρίς Γεύσεις,kg,,galaxias,20-08-2025,26-08-2025
14,80044671,ΚΟΛΙΟΣ ΓΙΑΟΥΡΤΙ ΑΓΕΛΑΔΟΣ 2% 3x200ΓΡ.      ,1.65,2.75,default_kalathi.png,0,Γιαούρτι από Γάλα Αγελάδος Χωρίς Γεύσεις (Χαμηλά Λιπαρά <2%),kg,,galaxias,20-08-2025,26-08-2025
15,80044008,ΦΕΤΑ ΤΥΡΙ ΤΡΙΚΑΛΩΝ ΠΟΠ ΔΟΧΕΙΟ  ΤΟ ΚΙΛΟ,9.98,9.98,default_kalathi.png,0,Τυρί Φέτα,kg,,galaxias,20-08-2025,26-08-2025
16,80044595,GOUDA ΟΛΛΑΝΔΙΑΣ GRANDE ΦΡΑΤΖΟΛΑ (ΑΤΤΙΚΗ-ΣΤΕΡΕΑ ΕΛΛΑΔΑ-ΠΕΛΟΠΟΝΝΗΣΟΣ),6.90,6.90,default_kalathi.png,0,Τυρί Γκούντα,kg,,galaxias,20-08-2025,26-08-2025
16,80026306,ROYAL ΓΚΟΥΝΤΑ 48% ΟΛΛΑΝΔ. ΦΡΑΤΖΟΛΑ 3 KG ΕΖ (ΘΕΣΣΑΛΙΑ-ΒΟΡΕΙΑ ΕΛΛΑΔΑ),6.90,6.90,default_kalathi.png,0,Τυρί Γκούντα,kg,,galaxias,20-08-2025,26-08-2025
16,80047191,ROLANDA GOUDA 48% ΦΡΑΤΖΟΛ. (ΠΡ.ΓΑΛ. Ε.Ε) (ΠΕΛΟΠΟΝΝΗΣΟΣ-ΑΤΤΙΚΗ-ΣΤΕΡΕΑ),6.90,6.90,default_kalathi.png,0,Τυρί Γκούντα,kg,,galaxias,20-08-2025,26-08-2025
16,80022273,LEADER GOUDA  ΦΕΤΕΣ 200ΓΡ.,1.59,7.95,default_kalathi.png,0,Τυρί Γκούντα,kg,,galaxias,20-08-2025,26-08-2025
17,80004261,GOUDA LIGHT ΦΕΤΕΣ ΓΕΡΜΑΝΙΑΣ 200ΓΡ. NEUTRAL (LEADER),1.65,8.25,default_kalathi.png,0,Τυρί με Χαμηλά Λιπαρά,kg,,galaxias,20-08-2025,26-08-2025
17,360132,DIROLLO CLASSIC (ΠΡΟΕΛ.ΓΑΛ.Ε.Ε.),9.70,9.70,default_kalathi.png,0,Τυρί με Χαμηλά Λιπαρά,kg,,galaxias,20-08-2025,26-08-2025
18,80044320,ΡΕΑ TOMATO PASSATA  500GR ,0.59,1.18,default_kalathi.png,0,Χυμός Τομάτας Διατηρημένος,kg,,galaxias,20-08-2025,26-08-2025
19,370100,ΧΡΥΣΑ ΑΥΓΑ ΦΡΕΣΚΑ Α 6ΑΔΑ. (ΠΡΟΕΛ.ΕΛΛΑΣ),1.98,0.33,default_kalathi.png,0,Αυγά,τμχ,,galaxias,20-08-2025,26-08-2025
20,80044429,ΦΑΣΤ classic μαργαρίνη πακέτο 225γρ.(καρφωτή τιμή),0.96,4.27,default_kalathi.png,0,Μαργαρίνες,kg,,galaxias,20-08-2025,26-08-2025
21,80045427,ΓΑΛΑΞΙΑΣ ΕΛΑΙΟΛΑΔΟ 1LT.,6.85,6.85,default_kalathi.png,1,Παρθένο Ελαιόλαδο,lt,,galaxias,20-08-2025,26-08-2025
22,80044822,LUX FARM ΗΛΙΕΛΑΙΟ 1LT,1.79,1.79,default_kalathi.png,0,Ηλιέλαιο,lt,,galaxias,20-08-2025,26-08-2025
22,80045522,PAPPAS ΗΛΙΕΛΑΙΟ 1LT.,1.79,1.79,default_kalathi.png,0,Ηλιέλαιο,lt,,galaxias,20-08-2025,26-08-2025
23,80043023,ΜΠ. ΣΤΑΘΗ ΑΡΑΚΑΣ 900ΓΡ.,2.97,3.30,default_kalathi.png,0,Λαχανικά Κατεψυγμένα,kg,,galaxias,20-08-2025,26-08-2025
23,391673,ΜΠ. ΣΤΑΘΗ ΑΡΑΚΑΣ 1000ΓΡ.                                         ,3.30,3.30,default_kalathi.png,0,Λαχανικά Κατεψυγμένα,kg,,galaxias,20-08-2025,26-08-2025
23,80046422,ΜΠ.ΣΤΑΘΗ ΑΡΑΚΑΣ 1100ΓΡ,3.63,3.30,default_kalathi.png,0,Λαχανικά Κατεψυγμένα,kg,,galaxias,20-08-2025,26-08-2025
23,80043026,ΜΠΑΡΜΠΑ ΣΤΑΘΗ ΦΑΣΟΛΑΚΙΑ ΣΤΡΟΓΓΥΛΑ 900ΓΡ.          ,2.78,3.09,default_kalathi.png,0,Λαχανικά Κατεψυγμένα,kg,,galaxias,20-08-2025,26-08-2025
23,391706,ΜΠ. ΣΤΑΘΗ ΦΑΣΟΛΑΚΙΑ ΣΤΡΟΓΓΥΛΑ 1000ΓΡ          ,3.09,3.09,default_kalathi.png,0,Λαχανικά Κατεψυγμένα,kg,,galaxias,20-08-2025,26-08-2025
23,80047774,ΜΠ. ΣΤΑΘΗ ΦΑΣΟΛΑΚΙΑ ΣΤΡΟΓΓΥΛΑ 1100ΓΡ.          ,3.4,3.09,default_kalathi.png,0,Λαχανικά Κατεψυγμένα,kg,,galaxias,20-08-2025,26-08-2025
23,80043025,ΜΠ. ΣΤΑΘΗ ΦΑΣΟΛΑΚΙΑ ΠΛΑΤΙΑ 900ΓΡ.                          ,2.88,3.20,default_kalathi.png,0,Λαχανικά Κατεψυγμένα,kg,,galaxias,20-08-2025,26-08-2025
23,391674,ΜΠ. ΣΤΑΘΗ ΦΑΣΟΛΑΚΙΑ ΠΛΑΤΙΑ 1000ΓΡ                           ,3.20,3.20,default_kalathi.png,0,Λαχανικά Κατεψυγμένα,kg,,galaxias,20-08-2025,26-08-2025
23,80047773,ΜΠ. ΣΤΑΘΗ ΦΑΣΟΛΑΚΙΑ ΠΛΑΤΙΑ 1100ΓΡ.                          ,3.52,3.20,default_kalathi.png,0,Λαχανικά Κατεψυγμένα,kg,,galaxias,20-08-2025,26-08-2025
24,80049842/ 80001022,ΖΑΧΑΡΗ ΛΕΥΚΗ 1 κιλό (ανάλογα με τη διαθεσιμότητα),0.70,0.70,default_kalathi.png,0,Λευκή Ζάχαρη,kg,,galaxias,20-08-2025,26-08-2025
25,260815,ΓΙΩΤΗΣ ΦΑΡΙΝ ΛΑΚΤΕ 300ΓΡ,2.42,8.07,default_kalathi.png,0,Κρέμες για βρέφη,kg,,galaxias,20-08-2025,26-08-2025
26,260163,ALMIRON GROWING UP 1+  1LT,2.10,2.10,default_kalathi.png,0,Γάλα για βρέφη,kg,,galaxias,20-08-2025,26-08-2025
27,80020212,ΓΑΛΑΞΙΑΣ ΕΛΛΗΝΙΚΟΣ ΚΑΦΕΣ 93ΓΡ. (R.F),1.18,12.69,default_kalathi.png,1,Ελληνικός Καφές,kg,,galaxias,20-08-2025,26-08-2025
27,281435,BRAVO ΚΛΑΣΣΙΚΟΣ 95ΓΡ.,2.05,21.58,default_kalathi.png,0,Ελληνικός Καφές,kg,,galaxias,20-08-2025,26-08-2025
27,281436,BRAVO ΚΛΑΣΣΙΚΟΣ 193ΓΡ.,4.00,20.73,default_kalathi.png,0,Ελληνικός Καφές,kg,,galaxias,20-08-2025,26-08-2025
28,281301,ΓΑΛΑΞΙΑΣ ΣΤΙΓΜΙΑΙΟΣ ΚΑΦΕΣ 100ΓΡ.,2.68,26.80,default_kalathi.png,1,Στιγμιαίος Καφές,kg,,galaxias,20-08-2025,26-08-2025
29,281538,ΓΑΛΑΞΙΑΣ ΚΑΦΕΣ ΦΙΛΤΡΟΥ PREMIUM 250GR,3.65,14.60,default_kalathi.png,1,Γαλλικός Καφές,kg,,galaxias,20-08-2025,26-08-2025
30,4401130,ΓΑΛΑΞΙΑΣ ΦΡΟΥΚΤΟΖΗ  200 ΓΡ.,1.16,5.80,default_kalathi.png,1,Γλυκαντικές Ουσίες Κατάλληλες για Διαβητικούς,kg,,galaxias,20-08-2025,26-08-2025
32,220218,3Α ΦΑΚΕΣ ΨΙΛΕΣ 500ΓΡ. ΕΙΣΑΓΩΓΗΣ,2.18,4.36,default_kalathi.png,0,Φακές,kg,,galaxias,20-08-2025,26-08-2025
33,80045233,MADORA ΧΥΜΟΣ 100% ΠΟΡΤΟΚΑΛΙ 1LT ,0.99,0.99,default_kalathi.png,0,Χυμός Πορτοκάλι,lt,,galaxias,20-08-2025,26-08-2025
35,80044850,ACTIFRESH & CLEAN ΥΓ.ΠΛΥΝΤ. 34Μ 1.5LT,3.29,0.10,default_kalathi.png,0,Απορρυπαντικά Πλυντηρίου,μεζ,,galaxias,20-08-2025,26-08-2025
36,80019953,AJAX ΚΑΘΑΡΙΣΤΙΚΟ BOOST ΜΑΓΕΙΡ.ΣΟΔΑ&ΛΕΜΟΝΙ 1LT,1.43,1.43,default_kalathi.png,0,Απορρυπαντικά για Σφουγγάρισμα - Χλωρίνες,lt,,galaxias,20-08-2025,26-08-2025
36,80019956,AJAX ΥΓΡΟ ΚΑΘ. BOOST ΞΥΔΙ & ΛΕΒΑΝΤΑ 1LT,1.43,1.43,default_kalathi.png,0,Απορρυπαντικά για Σφουγγάρισμα - Χλωρίνες,lt,,galaxias,20-08-2025,26-08-2025
36,80019957,AJAX ΚΑΘ.BOOST ΞΥΔΙ & ΜΗΛΟ 1LT,1.43,1.43,default_kalathi.png,0,Απορρυπαντικά για Σφουγγάρισμα - Χλωρίνες,lt,,galaxias,20-08-2025,26-08-2025
37,13910,PALMOLIVE ΥΓΡΟ ΠΙΑΤΩΝ ΛΕΜΟΝΙ ΠΡΑΣΙΝΟ  500ML.,1.27,2.54,default_kalathi.png,0,Απορρυπαντικά Πιάτων,lt,,galaxias,20-08-2025,26-08-2025
37,13901,PALMOLIVE ΠΙΑΤΩΝ  500ML REGULAR,1.27,2.54,default_kalathi.png,0,Απορρυπαντικά Πιάτων,lt,,galaxias,20-08-2025,26-08-2025
38,80013830,REGINA GREEN ΡΟΛΛΟ ΚΟΥΖΙΝΑΣ 2ΦΥΛΛΟ 310ΓΡ,1.14,3.68,default_kalathi.png,0,Χαρτί Κουζίνας,kg,,galaxias,20-08-2025,26-08-2025
39,110104,COLGATE ΟΔΟΝ/ΜΑ 75ML CLASSIC,0.90,12.00,default_kalathi.png,0,Οδοντόκρεμα,kg,,galaxias,20-08-2025,26-08-2025
40,80046014,SOFTEX SOFT 10ΑΡΙ ΥΓΕΙΑΣ 2PL 670ΓΡ,2.74,4.09,default_kalathi.png,0,Χαρτί Υγείας,τμχ,,galaxias,20-08-2025,26-08-2025
41,91595,EVERYDAY Σ/ΤΕΣ SUPER ULTRA PLUS HYPERDRY ACTIVE ECONOMY 18Τ,2.17,0.12,default_kalathi.png,0,Σερβιέτες ή Ταμπόν,τμχ,,galaxias,20-08-2025,26-08-2025
41,91626,EVERYDAY HYPERDRY ULTRA PLUS ACTIVE ECONOMY Μ.NIGHT 18Τ,2.17,0.12,default_kalathi.png,0,Σερβιέτες ή Ταμπόν,τμχ,,galaxias,20-08-2025,26-08-2025
42,302270,ΓΑΛΑΞΙΑΣ ΝΙΦΑΔΕΣ ΒΡΩΜΗΣ 500ΓΡ,1.10,2.20,default_kalathi.png,1,Προϊόντα Βρώμης,kg,,galaxias,20-08-2025,26-08-2025
43,121150,SYOSS ΣΑΜΠΟΥΑΝ COLOR 750ML,3.92,5.23,default_kalathi.png,0,Σαμπουάν,lt,,galaxias,20-08-2025,26-08-2025
43,121154,SYOSS ΣΑΜΠΟΥΑΝ REPAIR 750ML,3.92,5.23,default_kalathi.png,0,Σαμπουάν,lt,,galaxias,20-08-2025,26-08-2025
43,121159,SYOSS ΣΑΜΠΟΥΑΝ VOLUME 750ML,3.92,5.23,default_kalathi.png,0,Σαμπουάν,lt,,galaxias,20-08-2025,26-08-2025
43,80003126,SYOSS ΣΑΜΠΟΥΑΝ KERATIN 750ML,3.92,5.23,default_kalathi.png,0,Σαμπουάν,lt,,galaxias,20-08-2025,26-08-2025
43,80009083,SYOSS ΣΑΜΠΟΥΑΝ RENEW 750ML,3.92,5.23,default_kalathi.png,0,Σαμπουάν,lt,,galaxias,20-08-2025,26-08-2025
44,100251,ΓΑΛΑΞΙΑΣ ΣΑΠΟΥΝΙ ΛΕΒΑΝΤΑ 125ΓΡ,0.45,3.60,default_kalathi.png,1,Σαπούνι Στερεό,kg,,galaxias,20-08-2025,26-08-2025
44,80047239,ΓΑΛΑΞΙΑΣ ΣΑΠΟΥΝΙ ΛΕΒΑΝΤΑ 125ΓΡ,0.45,3.60,default_kalathi.png,1,Σαπούνι Στερεό,kg,,galaxias,20-08-2025,26-08-2025
44,100252,ΓΑΛΑΞΙΑΣ ΣΑΠΟΥΝΙ ΠΕΥΚΟ 125ΓΡ,0.45,3.60,default_kalathi.png,1,Σαπούνι Στερεό,kg,,galaxias,20-08-2025,26-08-2025
44,80047238,ΓΑΛΑΞΙΑΣ ΣΑΠΟΥΝΙ ΠΕΥΚΟ 125ΓΡ,0.45,3.60,default_kalathi.png,1,Σαπούνι Στερεό,kg,,galaxias,20-08-2025,26-08-2025
45,92366,SANI PANTS ΝΟ2 MEDIUM 14Τ ΕΣΩΡΟΥΧΑ ΑΚΡΑΤΕΙΑΣ,7.51,0.54,default_kalathi.png,0,Πάνες Ακράτειας,τμχ,,galaxias,20-08-2025,26-08-2025
45,92367,SANI PANTS ΝΟ3 LARGE 14Τ ΕΣΩΡΟΥΧΑ ΑΚΡΑΤΕΙΑΣ,9.12,0.65,default_kalathi.png,0,Πάνες Ακράτειας,τμχ,,galaxias,20-08-2025,26-08-2025
45,80041205,SANI PANTS N4 EX. LARGE 14TEM,11.69,0.84,default_kalathi.png,0,Πάνες Ακράτειας,τμχ,,galaxias,20-08-2025,26-08-2025
45,92365,SANI PANTS ΝΟ 1 SMALL 14Τ ΕΣΩΡΟΥΧΑ ΑΚΡΑΤΕΙΑΣ,6.27,0.45,default_kalathi.png,0,Πάνες Ακράτειας,τμχ,,galaxias,20-08-2025,26-08-2025
46,92892,BABYLINO ΠΑΝΕΣ SENSITIVE ECONOMY ΝΟ5 11-16KG /44Τ.,10.55,0.24,default_kalathi.png,0,Πάνες για Μωρά,τμχ,,galaxias,20-08-2025,26-08-2025
46,92893,BABYLINO  SENS.ECONOMY ΝΟ4+ 10-15KG 46T,10.55,0.23,default_kalathi.png,0,Πάνες για Μωρά,τμχ,,galaxias,20-08-2025,26-08-2025
46,92894,BABYLINO ΠΑΝΕΣ SENSITIVE ECONOMY ΝΟ4 8-13KG 50Τ,10.55,0.21,default_kalathi.png,0,Πάνες για Μωρά,τμχ,,galaxias,20-08-2025,26-08-2025
46,92895,BABYLINO ΠΑΝΕΣ SENSITIVE ECONOMY ΝΟ3 4-9KG /56Τ,10.55,0.19,default_kalathi.png,0,Πάνες για Μωρά,τμχ,,galaxias,20-08-2025,26-08-2025
46,80006619,BABYLINO ΠΑΝΕΣ SENSITIVE  ECONOMY No2 3-6KG 50T,6.03,0.12,default_kalathi.png,0,Πάνες για Μωρά,τμχ,,galaxias,20-08-2025,26-08-2025
46,80007410,BABYLINO SENSITIVE  ECON. ΝΟ5+ 12-17KG/42T,10.55,0.25,default_kalathi.png,0,Πάνες για Μωρά,τμχ,,galaxias,20-08-2025,26-08-2025
46,80042934,BABYLINO ΠΑΝΕΣ SENS.ECON. ΝΟ6 13-18KG 38T,10.55,0.28,default_kalathi.png,0,Πάνες για Μωρά,τμχ,,galaxias,20-08-2025,26-08-2025
46,80051214,BABYLINO SENSITIVE ECONOMY ΝΟ2 3-6KG/64,8.44,0.13,default_kalathi.png,0,Πάνες για Μωρά,τμχ,,galaxias,20-08-2025,26-08-2025
46,80042935,BABYLINO SENSITIVE ECON. ΝΟ7 15+KG/36Τ,10.55,0.29,default_kalathi.png,0,Πάνες για Μωρά,τμχ,,galaxias,20-08-2025,26-08-2025
47,80048533,BABYCARE ΜΩΡΟΠ. FOR ALL RASPBERRY 90TEΜ,0.98,0.01,default_kalathi.png,0,Μωρομάντηλα,τμχ,,galaxias,20-08-2025,26-08-2025
48,80011886,ΓΑΛΑΞΙΑΣ ΒΡΕΦ.ΑΦΡ.&ΣΑΜ.0+DELIC.CHAM.400M,1.79,4.48,default_kalathi.png,1,Σαμπουάν για Μωρά,lt,,galaxias,20-08-2025,26-08-2025
48,80011887,ΓΑΛΑΞΙΑΣ ΒΡΕΦ.ΑΦΡ.&ΣΑΜ.0+SWEET LAV.400M,1.79,4.48,default_kalathi.png,1,Σαμπουάν για Μωρά,lt,,galaxias,20-08-2025,26-08-2025
48,80006834,SEPTONA BABY ΣΑΜ.&ΑΦΡ/ΤΡΟ ΒΑΛ.&ΑΛΟΗ 500ML,2.43,4.86,default_kalathi.png,0,Σαμπουάν για Μωρά,lt,,galaxias,20-08-2025,26-08-2025
49,431220,FLIK - FLOK ΣΚΥΛΟΤΡΟΦΗ ΒΟΔΙΝΟ & ΚΑΡΔΙΑ 1250ΓΡ.,2.15,1.72,default_kalathi.png,0,Τροφή για Σκύλους,kg,,galaxias,20-08-2025,26-08-2025
49,431221,FLIK - FLOK ΣΚΥΛΟΤΡΟΦΗ ΒΟΔΙΝΟ & ΛΑΧANIKA 1250ΓΡ.,2.15,1.72,default_kalathi.png,0,Τροφή για Σκύλους,kg,,galaxias,20-08-2025,26-08-2025
49,431218,FLIK - FLOK ΣΚΥΛΟΤΡΟΦΗ ΚΟΤΟΠΟΥΛΟ/ΓΑΛΟΠΟΥΛΑ 1250ΓΡ.,2.15,1.72,default_kalathi.png,0,Τροφή για Σκύλους,kg,,galaxias,20-08-2025,26-08-2025
50,431222,FLIK - FLOK ΓΑΤΟΤΡΟΦΗ ΒΟΔΙΝΟ & ΚΑΡΔΙΑ 405ΓΡ.,0.87,2.15,default_kalathi.png,0,Τροφή για γάτες,kg,,galaxias,20-08-2025,26-08-2025
50,431223,FLIK - FLOK ΓΑΤ/ΦΗ ΚΟΤΟΠ.-ΓΑΛΟΠ.405ΓΡ.,0.87,2.15,default_kalathi.png,0,Τροφή για γάτες,kg,,galaxias,20-08-2025,26-08-2025
50,431311,FLIK - FLOK ΓΑΤΟΤΡΟΦΗ ΨΑΡΙ - ΣΟΛΟΜΟΣ 405ΓΡ.,0.87,2.15,default_kalathi.png,0,Τροφή για γάτες,kg,,galaxias,20-08-2025,26-08-2025
51,2101010,ΑΛΛΑΤΙΝΗ ΑΛΕΥΡΙ ΓΟΧ ΟΙΚΟΓ.3Χ1000ΓΡ.,4.08,1.36,default_kalathi.png,0,Αλεύρι,kg,,galaxias,20-08-2025,26-08-2025
51,210165,ΓΑΛΑΞΙΑΣ ΑΛΕΥΡΙ 1KGR.,0.69,0.69,default_kalathi.png,1,Αλεύρι,kg,,galaxias,20-08-2025,26-08-2025
53,381052,TOSTAKI ΠΑΡΙΖΑ ΤΟΣΤ,4.61,4.61,default_kalathi.png,0,Πάριζα,kg,,galaxias,20-08-2025,26-08-2025
53,80011904,TOSTAKI ΠΑΡΙΖΑ ΦΕΤΕΣ 160ΓΡ.,1.12,7.00,default_kalathi.png,0,Πάριζα,kg,,galaxias,20-08-2025,26-08-2025
53,80023641,ΠΑΣΣΙΑΣ Χ.ΓΛΟΥΤ. ΠΑΡΙΖΑ ΦΟΡΜΑ,4.90,4.90,default_kalathi.png,0,Πάριζα,kg,,galaxias,20-08-2025,26-08-2025
54,80043526,ALPILAND ΓΑΛΑ ΥΨΗΛΗΣ ESL 3.5% ΛΙΠ. 1LT ,1.27,1.27,default_kalathi.png,0,Γάλα υψηλής παστερίωσης πλήρες,kg,,galaxias,20-08-2025,26-08-2025
55,80043527,ALPILAND ΓΑΛΑ ΥΨΗΛΗΣ ESL 1.5% ΛΙΠ. 1LT  ,1.27,1.27,default_kalathi.png,0,Γάλα παστερίωσης με χαμηλά λιπαρά,kg,,galaxias,20-08-2025,26-08-2025
56,350227,ΛΕΥΚΟ ΑΓΕΛΑΔΙΝΟ ΤΡΙΚΑΛΩΝ (ΠΡ.ΓΑΛ.ΕΕ),5.98,5.98,default_kalathi.png,0,Λευκό τυρί,kg,,galaxias,20-08-2025,26-08-2025
57,220202,3Α ΦΑΣΟΛΙΑ ΜΕΤΡΙΑ 500ΓΡ. ΕΙΣΑΓΩΓΗΣ,2.30,4.60,default_kalathi.png,0,Φασόλια,kg,,galaxias,20-08-2025,26-08-2025
58,220210,3Α ΡΕΒΥΘΙΑ ΑΠΟΦΛΟΙΩΜΕΝΑ 500ΓΡ.,3.68,7.36,default_kalathi.png,0,Ρεβύθια,kg,,galaxias,20-08-2025,26-08-2025
52,70268,ΒΟΕΙΟΣ ΚΙΜΑΣ ΣΤΗΘ-ΛΑΠ    ΓΑΛΛΙΑΣ ΝΩΠΟΣ,11.45,11.45,70268.jpg,0,Μοσχάρι,kg,,kritikos,20-08-2025,26-08-2025
52,730927,ΒΟΕΙΟΣ ΚΙΜΑΣ ΣΤΗΘ-ΛΑΠ   ΠΟΛΩΝΙΑ ΝΩΠΟΣ,11.45,11.45,730927.jpg,0,Μοσχάρι,kg,,kritikos,20-08-2025,26-08-2025
1,748176,ΕΠΙΛΟΓΗ ΜΟΥ ΡΥΖΙ ΝΥΧΑΚΙ 500ΓΡ,0.90,1.80,748176.jpg,1,Ρύζι,Kg,,kritikos,20-08-2025,26-08-2025
1,46162,3ΑΛΦΑ Τ.ΑΜΕΡΙΚΗΣ 500ΓΡ,1.99,3.98,46162.jpg,0,Ρύζι,Kg,,kritikos,20-08-2025,26-08-2025
2,744826,ΕΠΙΛΟΓΗ ΜΟΥ ΨΩΜΙ ΤΟΣΤ ΣΤΑΡΕΝΙΟ ΦΟΡΜΑ 700ΓΡ,1.35,1.93,744826.jpg,1,Ψωμί για Tοστ,Kg,,kritikos,20-08-2025,26-08-2025
3,219449,ΒΟΣΙΝΑΚΗ ΦΟΥΡΝΙΣΜΑΤΑ ΣΤΑΡΕΝΙΟ 500ΓΡ,1.60,3.20,219449.jpg,0,Ψωμί Φραντζόλα,Kg,,kritikos,20-08-2025,26-08-2025
4,31021,ELITE ΦΡΥΓΑΝΙΕΣ ΣΤΑΡΕΝΙΕΣ 250ΓΡ.,1.15,4.60,31021.jpg,0,Φρυγανιές,Kg,,kritikos,20-08-2025,26-08-2025
5,710366,ΜΑΚΒΕΛ ΣΠΑΓΓΕΤΙ Νο6 500ΓΡ,0.63,1.26,710366.jpg,0,Μακαρόνια Νο 6,Kg,,kritikos,20-08-2025,26-08-2025
6,723529,ΧΟΙΡΙΝΗ ΝΩΠΗ ΤΗΓΑΝΙΑ ΟΛΛΑΝΔΙΑΣ (σε καταστήματα που διαθέτουν κρεοπωλείο),6.85,6.85,723529.jpg,0,Νωπό Χοιρινό,Kg,,kritikos,20-08-2025,26-08-2025
6,41294,ΧΟΙΡΙΝΗ ΝΩΠΗ ΤΗΓΑΝΙΑ ΕΛΛΗΝΙΚΗ (σε καταστήματα που διαθέτουν κρεοπωλείο),6.85,6.85,41294.jpg,0,Νωπό Χοιρινό,Kg,,kritikos,20-08-2025,26-08-2025
7,70425,ΚΟΤΟΠΟΥΛΟ ΦΤΕΡΟΥΓΑ ΝΩΠΗ ΕΛΛΗΝΙΚΗ (σε καταστήματα που διαθέτουν κρεοπωλείο),2.75,2.75,70425.jpg,0,Νωπό Κοτόπουλο Ολόκληρο,Kg,,kritikos,20-08-2025,26-08-2025
8,863675,TOSTAKI ΦΙΛ.ΓΑΛΟΠ.ΚΑΠΝ.ΚΙΛΟ,7.98,7.98,863675.jpg,0,Γαλοπούλα,Kg,,kritikos,20-08-2025,26-08-2025
8,863674,TOSTAKI ΦΙΛ.ΓΑΛΟΠ.ΒΡΑΣΤΗ ΚΙΛΟ,7.98,7.98,863674.jpg,0,Γαλοπούλα,Kg,,kritikos,20-08-2025,26-08-2025
9,768823,ΕΠΙΛΟΓΗ ΜΟΥ ΜΠΑΚΑΛΙΑΡΟΣ Α/Κ 300/500 ΚΤΨ ΤΟ ΚΙΛΟ,4.95,4.95,768823.jpg,1,Ψάρια Κατεψυγμένα,Kg,,kritikos,20-08-2025,26-08-2025
10,771787,ΦΑΡΜΑ ΚΑΣΤΡΟΥ ΓΑΛΑ ΦΡΕΣΚΟ ΑΓΕΛΑΔΙΝΟ ΠΛΗΡΕΣ 1LT,1.00,1.00,771787.jpg,0,Γάλα Φρέσκο Πλήρες,lt,,kritikos,20-08-2025,26-08-2025
10,219804,ΦΑΡΜΑ ΚΑΣΤΡΟΥ ΓΑΛΑ ΦΡΕΣΚΟ ΠΛΗΡΕΣ 3.8% 1L,1.00,1.00,219804.jpg,0,Γάλα Φρέσκο Πλήρες,lt,,kritikos,20-08-2025,26-08-2025
10,67759,ΟΛΥΜΠΟΣ ΓΑΛΑ ΕΠΙΛΕΓΜΕΝΟ 3.7% PET 1L,1.59,1.59,67759.jpg,0,Γάλα Φρέσκο Πλήρες,lt,,kritikos,20-08-2025,26-08-2025
11,771786,ΦΑΡΜΑ ΚΑΣΤΡΟΥ ΓΑΛΑ ΦΡΕΣΚΟ ΑΓΕΛΑΔΙΝΟ ΕΛΑΦΡΥ 1LT,1.00,1.00,771786.jpg,0,Γάλα Φρέσκο (Χαμηλά Λιπαρά <2%),lt,,kritikos,20-08-2025,26-08-2025
11,219805,ΦΑΡΜΑ ΚΑΣΤΡΟΥ ΓΑΛΑ ΦΡΕΣΚΟ ΕΛΑΦΡΥ 1.7% 1L,1.00,1.00,219805.jpg,0,Γάλα Φρέσκο (Χαμηλά Λιπαρά <2%),lt,,kritikos,20-08-2025,26-08-2025
11,67761,ΟΛΥΜΠΟΣ ΓΑΛΑ ΕΠΙΛΕΓΜΕΝΟ 1.7% PET 1L,1.59,1.59,67761.jpg,0,Γάλα Φρέσκο (Χαμηλά Λιπαρά <2%),lt,,kritikos,20-08-2025,26-08-2025
12,743155,ΕΠΙΛΟΓΗ ΜΟΥ ΓΑΛΑ ΕΒΑΠΟΡΕ ΕΛΑΦΡΥ 4% 400ΓΡ,0.86,2.15,743155.jpg,1,Γάλα Εβαπορέ,lt,,kritikos,20-08-2025,26-08-2025
12,743154,ΕΠΙΛΟΓΗ ΜΟΥ ΓΑΛΑ ΕΒΑΠΟΡΕ ΠΛΗΡΕΣ 7.5% 400ΓΡ,0.86,2.15,743154.jpg,1,Γάλα Εβαπορέ,lt,,kritikos,20-08-2025,26-08-2025
12,67115,ΝΟΥΝΟΥ ΓΑΛΑ ΠΛΗΡΕΣ 170ΓΡ,0.77,4.53,67115.jpg,0,Γάλα Εβαπορέ,lt,,kritikos,20-08-2025,26-08-2025
13,81010895,ΚΟΛΙΟΣ ΣΤΡ.ΓΙΑΟΥΡΤΙ 5% 850ΓΡ,2.65,3.12,81010895.jpg,0,Γιαούρτι από Γάλα Αγελάδος Χωρίς Γεύσεις,kg,,kritikos,20-08-2025,26-08-2025
14,81010904,ΚΟΛΙΟΣ ΣΤΡ.ΓΙΑΟΥΡΤΙ 2% 850ΓΡ,2.65,3.12,81010904.jpg,0,Γιαούρτι από Γάλα Αγελάδος Χωρίς Γεύσεις (Χαμηλά Λιπαρά <2%),kg,,kritikos,20-08-2025,26-08-2025
15,863238,ΦΕΤΑ ΕΡΥΜΑΝΘΟΥ ΔΟΧΕΙΟ ΠΟΠ ΤΟ ΚΙΛΟ,8.95,8.95,863238.jpg,0,Τυρί Φέτα,kg,,kritikos,20-08-2025,26-08-2025
16,81006023,LEADER GOUDA ΦΕΤΕΣ 400ΓΡ,2.76,6.90,81006023.jpg,0,Τυρί Γκούντα,kg,,kritikos,20-08-2025,26-08-2025
17,742753,LEADER GOUDA LIGHT ΦΕΤ 200ΓΡ,1.79,8.95,742753.jpg,0,Τυρί με Χαμηλά Λιπαρά,kg,,kritikos,20-08-2025,26-08-2025
18,81007849,VITALE TOMATA PASSATA 500ΓΡ    ,0.49,0.98,81007849.jpg,0,Χυμός Τομάτας Διατηρημένος,kg,,kritikos,20-08-2025,26-08-2025
19,967170,ΑΥΓΑ ΛΑΔΑΚΗΣ 6αδα (M) Π.Θ 53-63ΓΡ,1.49,0.25,967170.jpg,0,Αυγά,τμχ,,kritikos,20-08-2025,26-08-2025
20,771434,SUPER FRESCO ΚΛΑΣΙΚΟ 200ΓΡ,0.80,4.00,771434.jpg,0,Μαργαρίνες,kg,,kritikos,20-08-2025,26-08-2025
21,218479,ΛΙΟΦΥΤΟ ΕΛΑΙΟΛΑΔΟ ΕΞΤΡΑ ΠΑΡΘΕΝΟ 750ML,5.19,6.92,218479.jpg,0,Παρθένο Ελαιόλαδο,lt,,kritikos,20-08-2025,26-08-2025
22,711299,ΗΛΙΕΛΑΙΟ POP CUISINE 1LT,1.85,1.85,711299.jpg,0,Ηλιέλαιο,lt,,kritikos,20-08-2025,26-08-2025
23,270299,ALTERRA ΑΡΑΚΑΣ Κ.Τ.Ψ 900ΓΡ,2.85,3.17,270299.jpg,0,Λαχανικά Κατεψυγμένα,kg,,kritikos,20-08-2025,26-08-2025
23,992964,ALTERRA ΦΑΣΟΛΑΚΙΑ ΠΛΑΤΙΑ ΚΤΨ 900ΓΡ,2.60,2.89,992964.jpg,0,Λαχανικά Κατεψυγμένα,kg,,kritikos,20-08-2025,26-08-2025
24,705252,ROYAL ΖΑΧΑΡΗ ΛΕΥΚΗ 1Κ,0.74,0.74,705252.jpg,0,Λευκή Ζάχαρη,kg,,kritikos,20-08-2025,26-08-2025
24,218315,LUX FARM ΖΑΧΑΡΗ ΚΡΥΣΤΑΛΛΙΚΗ 1Κ,0.74,0.74,218315.jpg,0,Λευκή Ζάχαρη,kg,,kritikos,20-08-2025,26-08-2025
24,747871,SUGARTIA ΖΑΧΑΡΗ ΛΕΥΚΗ ΚΡΥΣΤΑΛΛΙΚΗ 1Κ,0.74,0.74,747871.jpg,0,Λευκή Ζάχαρη,kg,,kritikos,20-08-2025,26-08-2025
24,81016070,ΑΘΗΝΑΙΚΗ ΖΑΧΑΡΟΠΟΙΙΑ ΖΑΧΑΡΗ ΛΕΥΚΗ 1Κ,0.74,0.74,81016070.jpg,0,Λευκή Ζάχαρη,kg,,kritikos,20-08-2025,26-08-2025
25,470009,ΓΙΩΤΗΣ ΦΑΡΙΝ ΛΑΚΤΕ 300ΓΡ,2.59,8.63,470009.jpg,0,Κρέμες για βρέφη,kg,,kritikos,20-08-2025,26-08-2025
26,67081,ΔΕΛΤΑ ΓΑΛΑ ADVANCE ΥΨ.Π.1L,2.15,2.15,67081.jpg,0,Γάλα για βρέφη,kg,,kritikos,20-08-2025,26-08-2025
27,869630,KALATHERI ΕΛΛΗΝΙΚΟΣ      ΚΑΦΕΣ 200ΓΡ,2.69,13.45,869630.jpg,0,Ελληνικός Καφές,kg,,kritikos,20-08-2025,26-08-2025
28,217640,BUON CAFE ΚΑΦΕΣ ΣΤΙΓΜΙΑΙΟΣ 100ΓΡ,3.35,33.50,217640.jpg,0,Στιγμιαίος Καφές,kg,,kritikos,20-08-2025,26-08-2025
29,219959,BUON CAFE ΚΑΦΕΣ ΦΙΛΤΡΟΥ 100% ARABICA 250ΓΡ,3.59,14.36,219959.jpg,0,Γαλλικός Καφές,kg,,kritikos,20-08-2025,26-08-2025
30,771829,DELIGIOS ΓΛΥΚΑΝΤΙΚΟ ΣΚΟΝΗ STEVIA 300ΓΡ,5.58,18.60,771829.jpg,0,Γλυκαντικές Ουσίες Κατάλληλες για Διαβητικούς,kg,,kritikos,20-08-2025,26-08-2025
33,47320,3ΑΛΦΑ ΦΑΚΕΣ ΨΙΛΕΣ 500ΓΡ,1.88,3.76,47320.jpg,0,Χυμός Πορτοκάλι,lt,,kritikos,20-08-2025,26-08-2025
33,743755,ΕΠΙΛΟΓΗ ΜΟΥ ΦΥΣΙΚΟΣ ΧΥΜΟΣ ΠΟΡΤΟΚΑΛΙ 250ML,0.45,1.80,743755.jpg,1,Χυμός Πορτοκάλι,lt,,kritikos,20-08-2025,26-08-2025
35,81005697,NEOMAT ΥΓΡΟ ΠΛΥΝΤ. ΜΑΛΑΙΣ.ΟΡΧΙΔΕΑ 32ΜΕΖ,3.99,0.12,81005697.jpg,0,Απορρυπαντικά Πλυντηρίου,μεζ,,kritikos,20-08-2025,26-08-2025
36,422935,AJAX ΥΓΡΟ ΚΑΘ/ΚΟ FDF ΑΓΡΙΟΛΟΥΛΟΥΔΑ 1L,1.99,1.99,422935.jpg,0,Απορρυπαντικά για Σφουγγάρισμα - Χλωρίνες,lt,,kritikos,20-08-2025,26-08-2025
36,423587,AJAX ΥΓΡΟ ΚΑΘ/ΚΟ FDF ΛΟΥΛΟΥΔΙΑ ΤΗΣ ΛΙΜΝΗΣ 1L,1.99,1.99,423587.jpg,0,Απορρυπαντικά για Σφουγγάρισμα - Χλωρίνες,lt,,kritikos,20-08-2025,26-08-2025
36,422357,AJAX ΥΓΡΟ ΚΑΘ/ΚΟ FDF ΑΝΘΗ ΠΑΣΧΑΛΙΑΣ 1L,1.99,1.99,422357.jpg,0,Απορρυπαντικά για Σφουγγάρισμα - Χλωρίνες,lt,,kritikos,20-08-2025,26-08-2025
37,772875,ΕΠΙΛΟΓΗ ΜΟΥ  ΥΓΡΟ ΠΙΑΤΩΝ ΠΡΑΣ.ΜΗΛΟ 500ML,0.89,1.78,772875.jpg,1,Απορρυπαντικά Πιάτων,lt,,kritikos,20-08-2025,26-08-2025
38,725879,ΕΠΙΛΟΓΗ ΜΟΥ ΧΑΡΤΙ ΚΟΥΖΙΝΑΣ 2Φ 800ΓΡ,2.29,2.86,725879.jpg,1,Χαρτί Κουζίνας,kg,,kritikos,20-08-2025,26-08-2025
39,81012175,COLGATE ΟΔ/ΜΑ SENS.WHITE FAMILY PACK 2*75ML,2.29,15.27,81012175.jpg,0,Οδοντόκρεμα,kg,,kritikos,20-08-2025,26-08-2025
40,729768,ΕΠΙΛΟΓΗ ΜΟΥ ΧΑΡΤΙ ΥΓΕΙΑΣ 2Φ 10*75ΓΡ,2.49,0.25,729768.jpg,1,Χαρτί Υγείας,τμχ,,kritikos,20-08-2025,26-08-2025
41,871879,EVERYDAY UL.PL.HYP.ACT.ECO.NORM.18Τ.,2.63,0.15,871879.jpg,0,Σερβιέτες ή Ταμπόν,τμχ,,kritikos,20-08-2025,26-08-2025
41,871880,EVERYDAY UL.PL.HYP.ACT.ECO.SUPER 18Τ.,2.63,0.15,871880.jpg,0,Σερβιέτες ή Ταμπόν,τμχ,,kritikos,20-08-2025,26-08-2025
41,871881,EVERYDAY UL.P.HYP.ACT.ECO.M.NIG.18Τ,2.63,0.15,871881.jpg,0,Σερβιέτες ή Ταμπόν,τμχ,,kritikos,20-08-2025,26-08-2025
41,81011086,CAREFREE ΣΕΡΒ/ΚΙA ALOE 56T,2.19,0.04,81011086.jpg,0,Σερβιέτες ή Ταμπόν,τμχ,,kritikos,20-08-2025,26-08-2025
42,742150,ΕΠΙΛΟΓΗ ΜΟΥ ΝΙΦΑΔΕΣ ΒΡΩΜΗΣ 500ΓΡ,0.99,1.98,742150.jpg,1,Προϊόντα Βρώμης,kg,,kritikos,20-08-2025,26-08-2025
43,729097,ΕΠΙΛΟΓΗ ΜΟΥ ΣΑΜΠΟΥΑΝ ΓΙΑ ΟΛΟΥΣ ΤΟΥΣ ΤΥΠΟΥΣ 400ML,1.80,4.50,729097.jpg,1,Σαμπουάν,lt,,kritikos,20-08-2025,26-08-2025
44,700792,ΣΑΠΟΥΝΙ ΕΛΑΙΟΛΑΔΟ 200ΓΡ ΕΛΑΑ.,0.68,3.40,700792.jpg,0,Σαπούνι Στερεό,kg,,kritikos,20-08-2025,26-08-2025
45,874822,SANI PANTS ΕΣΩΡ.ΑΚΡ.SENSITIVE N.2 MEDIUM 14Τ.,8.09,0.58,874822.jpg,0,Πάνες Ακράτειας,τμχ,,kritikos,20-08-2025,26-08-2025
45,874821,SANI PANTS ΕΣΩΡ.ΑΚΡ.SENSITIVE N.3 LARGE 14Τ.,9.63,0.69,874821.jpg,0,Πάνες Ακράτειας,τμχ,,kritikos,20-08-2025,26-08-2025
46,218090,BABYLINO PANDS ECONOMY UNISEX N5 10-16KG 34Τ,9.98,0.29,218090.jpg,0,Πάνες για Μωρά,τμχ,,kritikos,20-08-2025,26-08-2025
46,860052,BABYLINO SENSIT.ECON.No3 4-9 56Τ..,9.95,0.18,860052.jpg,0,Πάνες για Μωρά,τμχ,,kritikos,20-08-2025,26-08-2025
47,724245,ΕΠΙΛΟΓΗ ΜΟΥ ΜΩΡΟΜΑΝΤΗΛΑ ΠΟΥΔΡΑ 80Τ,0.85,0.01,724245.jpg,1,Μωρομάντηλα,τμχ,,kritikos,20-08-2025,26-08-2025
47,724244,ΕΠΙΛΟΓΗ ΜΟΥ ΜΩΡΟΜΑΝΤΗΛΑ ΧΑΜΟΜΗΛΙ & ΑΛΟΗ 80Τ,0.85,0.01,724244.jpg,1,Μωρομάντηλα,τμχ,,kritikos,20-08-2025,26-08-2025
47,81010934,SEPTONA ΜΩΡΟΜΑΝΤΗΛΑ ΧΑΜΟΜΗΛΙ MULTIPACK 3*80Τ ,2.85,0.01,81010934.jpg,0,Μωρομάντηλα,τμχ,,kritikos,20-08-2025,26-08-2025
47,81010933,SEPTONA ΜΩΡΟΜΑΝΤΗΛΑ ΑΛΟΗ MULTIPACK 3*60T,2.29,0.01,81010933.jpg,0,Μωρομάντηλα,τμχ,,kritikos,20-08-2025,26-08-2025
47,81012069,BABYCARE ΜΩΡΟΜ. SENSITIVE PLUS  TRIPLE PACK 3* 54T,2.20,0.01,81012069.jpg,0,Μωρομάντηλα,τμχ,,kritikos,20-08-2025,26-08-2025
47,81012156,BABYCARE ΜΩΡΟΜ.ΧΑΜΟΜΗΛΙ REF 3*72T,2.85,0.01,81012156.jpg,0,Μωρομάντηλα,τμχ,,kritikos,20-08-2025,26-08-2025
48,725205,SEPTONA KIDS ΣΑΜΠ-ΑΦΡΟΛ. ΑΓΟΡΙΑ-ΚΟΡΙΤΣΙΑ 750ML,2.72,3.63,725205.jpg,0,Σαμπουάν για Μωρά,lt,,kritikos,20-08-2025,26-08-2025
48,724108,JB ΣΑΜΠΟΥΑΝ REGULAR ΑΝΤΛΙΑ 750ML,2.79,3.72,724108.jpg,0,Σαμπουάν για Μωρά,lt,,kritikos,20-08-2025,26-08-2025
49,81009758,GOLDEN DOG ΣΚΥΛ/ΦΗ ΜΟΣΧΑΡΙ 1240ΓΡ,1.59,1.28,81009758.jpg,1,Τροφή για Σκύλους,kg,,kritikos,20-08-2025,26-08-2025
49,81009757,GOLDEN DOG ΣΚΥΛ/ΦΗ ΚΟΤΟΠΟΥΛΟ 1240ΓΡ,1.59,1.28,81009757.jpg,1,Τροφή για Σκύλους,kg,,kritikos,20-08-2025,26-08-2025
50,81009756,GOLDEN CAT ΓΑΤ/ΦΗ ΜΟΣΧΑΡΙ 415ΓΡ,0.59,1.42,81009756.jpg,1,Τροφή για γάτες,kg,,kritikos,20-08-2025,26-08-2025
50,81009755,GOLDEN CAT ΓΑΤ/ΦΗ ΚΟΤΟΠΟΥΛΟ 415ΓΡ,0.59,1.42,81009755.jpg,1,Τροφή για γάτες,kg,,kritikos,20-08-2025,26-08-2025
51,707652,ΑΠΟ ΚΑΛΗ ΣΟΔΕΙΑ ΑΛΕΥΡΙ ΓΟΧ 1Κ,0.60,0.60,707652.jpg,0,Αλεύρι,kg,,kritikos,20-08-2025,26-08-2025
51,48112,ΓΙΩΤΗΣ ΑΛΕΥΡΙ Γ.Ο.Χ. 1Κ,1.18,1.18,48112.jpg,0,Αλεύρι,kg,,kritikos,20-08-2025,26-08-2025
53,863676,TOSTAKI ΠΑΡΙΖΑ ΤΟΣΤ ΚΙΛΟ,3.98,3.98,863676.jpg,0,Πάριζα,kg,,kritikos,20-08-2025,26-08-2025
54,751814,LA DORNA ΓΑΛΑ UHT 3.5% ΛΙΠ.ΠΟΛΩΝ.ΜΕ ΚΑΠΑΚΙ 1L,0.98,0.98,751814.jpg,0,Γάλα υψηλής παστερίωσης πλήρες,kg,,kritikos,20-08-2025,26-08-2025
54,742545,LACIATE ΓΑΛΑ UHT 3.5% ΛΙΠ.ΠΟΛΩΝ.ΜΕ ΚΑΠΑΚΙ 1L,1.05,1.05,742545.jpg,0,Γάλα υψηλής παστερίωσης πλήρες,kg,,kritikos,20-08-2025,26-08-2025
55,751813,LA DORNA ΓΑΛΑ UHT 1.5% ΛΙΠ.ΠΟΛΩΝ.ΜΕ ΚΑΠΑΚΙ 1L,0.98,0.98,751813.jpg,0,Γάλα παστερίωσης με χαμηλά λιπαρά,kg,,kritikos,20-08-2025,26-08-2025
55,742544,LACIATE ΓΑΛΑ UHT 1.5% ΛΙΠ.ΠΟΛΩΝ.ΜΕ ΚΑΠΑΚΙ 1L,1.05,1.05,742544.jpg,0,Γάλα παστερίωσης με χαμηλά λιπαρά,kg,,kritikos,20-08-2025,26-08-2025
56,81009396,ΤΣΕΛΙΓΚΑΤΟ ΑΓΕΛΑΔΙΝΟ ΛΕΥΚΟ ΑΛΜΗΣ ΤΟ ΚΙΛΟ,5.65,5.65,81009396.jpg,0,Λευκό τυρί,kg,,kritikos,20-08-2025,26-08-2025
57,747854,ΓΑΙΑ ΦΑΣΟΛΙΑ ΜΕΤΡΙΑ 500ΓΡ,1.00,2.00,747854.jpg,1,Φασόλια,kg,,kritikos,20-08-2025,26-08-2025
58,721993,ΕΠΙΛΟΓΗ ΜΟΥ ΡΕΒΥΘΙΑ ΧΟΝΔΡΑ ΕΙΣΑΓΩΓΗΣ 500ΓΡ,1.45,2.90,721993.jpg,1,Ρεβύθια,kg,,kritikos,20-08-2025,26-08-2025
58,47323,3ΑΛΦΑ ΡΕΒΥΘΙΑ ΑΠΟΦΛ. 500ΓΡ,3.39,6.78,47323.jpg,0,Ρεβύθια,kg,,kritikos,20-08-2025,26-08-2025
52,133055,ΦΑΡΜΑ ΕΛΑΣΣΟΝΑΣ ΚΙΜΑΣ ΒΟΕΙΟΣ ΝΩΠΟΣ 400G                     ,4.69,11.73,133055_E1.jpg,0,Μοσχάρι,kg,,mymarket,20-08-2025,26-08-2025
1,230670,ΑΓΡΟΤΥΠ ΡΥΖΙ ΚΑΡΟΛΙΝΑ 500G                                  ,0.90,1.80,230670_E1.jpg,0,Ρύζι,Kg,,mymarket,20-08-2025,26-08-2025
2,302000,MY GUSTO ΨΩΜΙ ΤΟΣΤ ΣΤΑΡΕΝΙΟ 680G                            ,1.30,1.91,302000_E1.jpg,1,Ψωμί για Tοστ,Kg,,mymarket,20-08-2025,26-08-2025
2,351005,MY GUSTO ΨΩΜΙ ΤΟΣΤ ΣΤΑΡΕΝΙΟ 680G                            ,1.30,1.91,351005_E1.jpg,1,Ψωμί για Tοστ,Kg,,mymarket,20-08-2025,26-08-2025
3,300020,ΒΟΣΙΝΑΚΗ ΦΟΥΡΝΙΣΜΑΤΑ ΣΤΑΡΕΝΙΟ 500G                          ,1.56,3.12,300020_E1.jpg,0,Ψωμί Φραντζόλα,Kg,,mymarket,20-08-2025,26-08-2025
4,302484,ELITE ΦΡΥΓΑΝΙΕΣ ΣΙΚΑΛΗΣ ΟΙΚΟΓΕΝΕΙΑΚΗ ΣΥΣΚ.360G              ,1.54,4.28,302484_E1.jpg,0,Φρυγανιές,Kg,,mymarket,20-08-2025,26-08-2025
5,234705,MISKO ΣΠΑΓΓΕΤΙ  ΝΟ 6  500 G                                 ,0.75,1.50,234705_E1.jpg,0,Μακαρόνια Νο 6,Kg,,mymarket,20-08-2025,26-08-2025
6,134069,ΣΠΑΛΑ ΧΟΙΡΙΝΗ ΝΩΠΗ ΧΩΡΙΣ ΚΟΚΑΛΟ  ΕΛΛΗΝΙΚΗ (ΤΙΜΗ ΚΙΛ )       ,6.09,6.09,134069_E1.jpg,0,Νωπό Χοιρινό,Kg,,mymarket,20-08-2025,26-08-2025
7,137018,ΑΓΓΕΛΑΚΗΣ ΚΟΤΟΠΟΥΛΟ ΕΛΛΗΝΙΚΟ ΝΩΠΟ 65% ΧΥΜΑ (Τ.Κ.)           ,2.99,2.99,137018_E1.jpg,0,Νωπό Κοτόπουλο Ολόκληρο,Kg,,mymarket,20-08-2025,26-08-2025
7,137705,ΑΜΒΡΟΣΙΑΔΗΣ ΚΟΤΟΠΟΥΛΟ ΝΩΠΟ ΕΛΛΗΝΙΚΟ Τ.Κ.                    ,2.99,2.99,137774_E1.jpg,0,Νωπό Κοτόπουλο Ολόκληρο,Kg,,mymarket,20-08-2025,26-08-2025
7,137711,ΑΡΤΑ ΚΟΤΟΠΟΥΛΟ ΕΛΛΗΝΙΚΟ ΝΩΠΟ XYMA ΤΙΜΗ ΚΙΛΟΥ                ,2.99,2.99,137774_E2.jpg,0,Νωπό Κοτόπουλο Ολόκληρο,Kg,,mymarket,20-08-2025,26-08-2025
8,102128,MY GUSTO ΦΙΛΕΤΟ ΓΑΛΟΠΟΥΛΑΣ ΚΑΠΝΙΣΤΟ (ΤΙΜΗ ΚΙΛΟΥ)            ,6.99,6.99,102128_E1.jpg,1,Γαλοπούλα,Kg,,mymarket,20-08-2025,26-08-2025
8,102129,MY GUSTO ΦΙΛΕΤΟ ΓΑΛΟΠΟΥΛΑΣ ΒΡΑΣΤΟ (ΤΙΜΗ ΚΙΛ                 ,6.99,6.99,102129_E1.jpg,1,Γαλοπούλα,Kg,,mymarket,20-08-2025,26-08-2025
9,144570,ΜΠΑΚΑΛΙΑΡΑΚΙΑ ΑΚΕΦΑΛΑ ΚΑΤΕΨΥΓΜΕΝΑ 630G                      ,4.34,6.89,144570_E1.jpg,0,Ψάρια Κατεψυγμένα,Kg,,mymarket,20-08-2025,26-08-2025
10,113133,MY FRESCO ΓΑΛΑ ΠΛΗΡΕΣ 1L                                    ,1.05,1.05,113133_E1.jpg,1,Γάλα Φρέσκο Πλήρες,lt,,mymarket,20-08-2025,26-08-2025
10,113264,MY FRESCO ΓΑΛΑ ΠΛΗΡΕΣ 1L                                    ,1.05,1.05,113264_E1.jpg,1,Γάλα Φρέσκο Πλήρες,lt,,mymarket,20-08-2025,26-08-2025
10,113423,ΕΚΛΕΚΤΕΣ ΓΕΥΣΕΙΣ ΦΡΕΣΚΟ ΓΑΛΑ 3.7% ΛΙΠΑΡΑ 1L                 ,1.23,1.23,113423_E1.jpg,1,Γάλα Φρέσκο Πλήρες,lt,,mymarket,20-08-2025,26-08-2025
10,113501,ΟΛΥΜΠΟΣ ΓΑΛΑ ΦΡΕΣΚΟ ΕΠΙΛΕΓΜΕΝΟ ΠΛΗΡΕΣ 3.7% ΛΙΠΑΡΑ 1L        ,1.59,1.59,113501_E1.jpg,0,Γάλα Φρέσκο Πλήρες,lt,,mymarket,20-08-2025,26-08-2025
11,113132,MY FRESCO ΓΑΛΑ ΕΛΑΦΡΥ 1L                                    ,1.05,1.05,113132_E1.jpg,1,Γάλα Φρέσκο (Χαμηλά Λιπαρά <2%),lt,,mymarket,20-08-2025,26-08-2025
11,113265,MY FRESCO ΓΑΛΑ ΕΛΑΦΡΥ 1L                                    ,1.05,1.05,113265_E1.jpg,1,Γάλα Φρέσκο (Χαμηλά Λιπαρά <2%),lt,,mymarket,20-08-2025,26-08-2025
11,113424,ΕΚΛΕΚΤΕΣ ΓΕΥΣΕΙΣ ΦΡΕΣΚΟ ΓΑΛΑ 1.5% ΛΙΠΑΡΑ 1L                 ,1.23,1.23,113424_E1.jpg,1,Γάλα Φρέσκο (Χαμηλά Λιπαρά <2%),lt,,mymarket,20-08-2025,26-08-2025
11,113511,ΟΛΥΜΠΟΣ ΓΑΛΑ ΦΡΕΣΚΟ ΕΠΙΛΕΓΜΕΝΟ ΕΛΑΦΡΥ 1.7% ΛΙΠΑΡΑ 1L        ,1.59,1.59,113511_E1.jpg,0,Γάλα Φρέσκο (Χαμηλά Λιπαρά <2%),lt,,mymarket,20-08-2025,26-08-2025
12,250070,ΝΟΥΝΟΥ ΓΑΛΑ ΣΥΜΠΥΚΝΩΜΕΝΟ 400G (6ΤΕΜ)                        ,7.56,3.15,250070_E1.jpg,0,Γάλα Εβαπορέ,lt,,mymarket,20-08-2025,26-08-2025
13,116710,COMPLET ΓΙΑΟΥΡΤΙ 10% ΛΙΠΑΡΑ 190G(3ΤΕΜ)                      ,2.70,4.74,116710_E1.jpg,0,Γιαούρτι από Γάλα Αγελάδος Χωρίς Γεύσεις,kg,,mymarket,20-08-2025,26-08-2025
13,117002,COMPLET ΟΙΚΟΓΕΝΕΙΑΚΟ ΓΙΑΟΥΡΤΙ ΠΛΗΡΕΣ 1KG                    ,3.05,3.05,117002_E1.jpg,0,Γιαούρτι από Γάλα Αγελάδος Χωρίς Γεύσεις,kg,,mymarket,20-08-2025,26-08-2025
13,117704,MY GUSTO ΓΙΑΟΥΡΤΙ ΣΤΡΑΓΓΙΣΤΟ 10% ΛΙΠΑΡΑ 1ΚG EL-ELGO 19.974  ,2.58,2.58,117704_E1.jpg,1,Γιαούρτι από Γάλα Αγελάδος Χωρίς Γεύσεις,kg,,mymarket,20-08-2025,26-08-2025
13,117837,MY GUSTO ΓΙΑΟΥΡΤΙ ΣΤΡΑΓ.10%ΛΙΠ. 200G(3TEM) EL-ELGO 19.974   ,1.86,3.10,117837_E1.jpg,1,Γιαούρτι από Γάλα Αγελάδος Χωρίς Γεύσεις,kg,,mymarket,20-08-2025,26-08-2025
14,117706,MY GUSTO ΓΙΑΟΥΡΤΙ ΣΤΡΑΓΓΙΣΤΟ 2% ΛΙΠΑΡΑ 1KG EL-ELGO 19.973   ,2.58,2.58,117706_E1.jpg,1,Γιαούρτι από Γάλα Αγελάδος Χωρίς Γεύσεις (Χαμηλά Λιπαρά <2%),kg,,mymarket,20-08-2025,26-08-2025
14,117836,MY GUSTO ΓΙΑΟΥΡΤΙ ΣΤΡΑΓ. 2%ΛΙΠΑΡΑ 200G(3ΤΕΜ) EL-ELGO 19.973 ,1.86,3.10,117836_E1.jpg,1,Γιαούρτι από Γάλα Αγελάδος Χωρίς Γεύσεις (Χαμηλά Λιπαρά <2%),kg,,mymarket,20-08-2025,26-08-2025
14,119185,COMPLET ΓΙΑΟΥΡΤΙ 2% ΛΙΠΑΡΑ 1KG                              ,3.05,3.05,119185_E1.jpg,0,Γιαούρτι από Γάλα Αγελάδος Χωρίς Γεύσεις (Χαμηλά Λιπαρά <2%),kg,,mymarket,20-08-2025,26-08-2025
14,119186,COMPLET ΓΙΑΟΥΡΤΙ 2% ΛΙΠΑΡΑ 190G (3T)                        ,2.70,4.74,119186_E1.jpg,0,Γιαούρτι από Γάλα Αγελάδος Χωρίς Γεύσεις (Χαμηλά Λιπαρά <2%),kg,,mymarket,20-08-2025,26-08-2025
15,662002,ΜΕΝΕΓΑΤΟΣ ΦΕΤΑ Π.Ο.Π. ΚΑΛΑΒΡΥΤΩΝ ΒΑΡΕΛΙ(ΤΙΜΗ ΚΙΛΟΥ).        ,9.45,9.45,662002_E1.jpg,0,Τυρί Φέτα,kg,,mymarket,20-08-2025,26-08-2025
15,662010,ΜΕΝΕΓΑΤΟΣ ΦΕΤΑ Π.Ο.Π. ΚΑΛΑΒΡΥΤΩΝ ΒΑΡΕΛΙΣΙΑ.-Α (Τ.Κ.)        ,9.45,9.45,662010_E1.jpg,0,Τυρί Φέτα,kg,,mymarket,20-08-2025,26-08-2025
16,125010,MY GUSTO GOUDA ΦΡΑΤΖΟΛΑ ΟΛΛΑΝΔΙΑΣ (Τ.Κ.)                    ,5.95,5.95,125010_E1.jpg,1,Τυρί Γκούντα,kg,,mymarket,20-08-2025,26-08-2025
17,128152,DIROLLO CLASSIC ΦΡΑΤΖΟΛΑ ΠΡΟΕΛ. Ε.Ε. (ΤΙΜΗ ΚΙΛΟΥ)           ,9.98,9.98,128152_E1.jpg,0,Τυρί με Χαμηλά Λιπαρά,kg,,mymarket,20-08-2025,26-08-2025
18,226511,PUMMARO ΧΥΜΟΣ ΤΟΜΑΤΑΣ ΚΛΑΣΙΚΟ 500G                          ,0.70,1.40,226511_E1.jpg,0,Χυμός Τομάτας Διατηρημένος,kg,,mymarket,20-08-2025,26-08-2025
19,111000,ΧΡΥΣΑ ΑΥΓΑ ΦΡΕΣΚΑ 45+ 10ΑΔΑ                                 ,2.58,0.26,111000_E1.jpg,0,Αυγά,τμχ,,mymarket,20-08-2025,26-08-2025
19,111133,MY KOUZINA ΑΥΓΑ 10ΑΔΑ ΑΧΥΡ. 53-63 (Μ)                       ,2.90,0.29,111133_E1.jpg,1,Αυγά,τμχ,,mymarket,20-08-2025,26-08-2025
20,122189,MY KOUZINA SOFT 250G                                        ,0.92,3.68,122189_E1.jpg,1,Μαργαρίνες,kg,,mymarket,20-08-2025,26-08-2025
20,122246,SUPER FRESCO 200G                                           ,0.75,3.75,122246_E1.jpg,0,Μαργαρίνες,kg,,mymarket,20-08-2025,26-08-2025
21,240046,MY KOUZINA ΕΞΑΙΡΕΤΙΚΟ ΠΑΡΘΕΝΟ ΕΛΑΙΟΛΑΔΟ 1L                  ,6.80,6.80,240046_E1.jpg,1,Παρθένο Ελαιόλαδο,lt,,mymarket,20-08-2025,26-08-2025
22,244701,MY KOUZINA ΗΛΙΕΛΑΙΟ 1L                                      ,1.97,1.97,244701_E1.jpg,1,Ηλιέλαιο,lt,,mymarket,20-08-2025,26-08-2025
23,143003,ΜΠΑΡΜΠΑ ΣΤΑΘΗΣ ΑΡΑΚΑΣ ΚΑΤΕΨΥΓΜΕΝΟΣ 1KG                      ,3.34,3.34,143003_E1.jpg,0,Λαχανικά Κατεψυγμένα,kg,,mymarket,20-08-2025,26-08-2025
23,143011,ΜΠΑΡΜΠΑ ΣΤΑΘΗΣ ΦΑΣΟΛΑΚΙΑ ΠΛΑΤΙΑ ΚΑΤΕΨΥΓΜΕΝΑ 1KG             ,3.42,3.42,143011_E1.jpg,0,Λαχανικά Κατεψυγμένα,kg,,mymarket,20-08-2025,26-08-2025
24,257009,ΑΘΗΝΑΙΚΗ ΖΑΧΑΡΟΠΟΙΙΑ ΖΑΧΑΡΗ ΛΕΥΚΗ 1KG                       ,0.75,0.75,257009_E1.jpg,0,Λευκή Ζάχαρη,kg,,mymarket,20-08-2025,26-08-2025
25,271394,ΝΟΥΝΟΥ ΦΑΡΙΝ ΛΑΚΤΕ ΜΕ ΣΙΤΑΛΕΥΡΟ ΚΑΙ ΓΑΛΑ 300G               ,3.73,12.43,271394_E1.jpg,0,Κρέμες για βρέφη,kg,,mymarket,20-08-2025,26-08-2025
26,270051,NUTRICIA ALMIRON GROWING UP 1+ 1L                           ,2.13,2.13,270051_E1.jpg,0,Γάλα για βρέφη,kg,,mymarket,20-08-2025,26-08-2025
27,260044,BRAZITA ΕΛΛΗΝΙΚΟΣ ΚΑΦΕΣ 94G                                 ,1.60,17.02,260044_E1.jpg,0,Ελληνικός Καφές,kg,,mymarket,20-08-2025,26-08-2025
28,261285,BRAZITA ΣΤΙΓΜΙΑΙΟΣ ΚΑΦΕΣ 200G                               ,6.65,33.25,261285_E1.jpg,0,Στιγμιαίος Καφές,kg,,mymarket,20-08-2025,26-08-2025
29,262313,BRAZITA ΚΛΑΣΙΚΟΣ ΚΑΦΕΣ ΦΙΛΤΡΟΥ 225G                         ,4.45,19.78,262313_E1.jpg,0,Γαλλικός Καφές,kg,,mymarket,20-08-2025,26-08-2025
30,275047,CANDEREL STEVIA ΣΕ ΤΑΜΠΛΕΤΕΣ 120Τ.(10.20G)                  ,3.05,277.27,275047_E1.jpg,0,Γλυκαντικές Ουσίες Κατάλληλες για Διαβητικούς,kg,,mymarket,20-08-2025,26-08-2025
32,232051,ΑΓΡΟΤΥΠ ΦΑΚΕΣ ΨΙΛΕΣ 500G                                    ,1.28,2.56,232051_E1.jpg,0,Φακές,kg,,mymarket,20-08-2025,26-08-2025
33,411114,ΑΜΙΤΑ ΦΡΟΥΤΟΠΟΤΟ ΠΟΡΤΟΚΑΛΙ-ΒΕΡΙΚΟΚΟ-ΜΗΛΟ 1L                 ,1.02,1.02,411114_E1.jpg,0,Χυμός Πορτοκάλι,lt,,mymarket,20-08-2025,26-08-2025
35,551625,DIXAN GEL ΑΠΟΡΡΥΠΑΝΤΙΚΟ ΠΛΥΝΤ.ΦΡΕΣΚΑΔΑ ΩΚΕΑΝΟΥ 70MΕΖ. 3.15L ,10.95,0.16,551625_E1.jpg,0,Απορρυπαντικά Πλυντηρίου,μεζ,,mymarket,20-08-2025,26-08-2025
36,514217,DETTOL ΠΟΛΥΚΑΘΑΡΙΣΤΙΚΟ 24 ΩΡΕΣ ΠΡΟΣΤΑΣΙΑ OCEAN FRESH 460ML  ,2.49,5.41,514217_E1.jpg,0,Απορρυπαντικά για Σφουγγάρισμα - Χλωρίνες,lt,,mymarket,20-08-2025,26-08-2025
37,504427,PALMOLIVE ORIGINAL ΥΓΡΟ ΠΙΑΤΩΝ 750ML                        ,1.81,2.41,504427_E1.jpg,0,Απορρυπαντικά Πιάτων,lt,,mymarket,20-08-2025,26-08-2025
38,609410,MY SOFT JUMBO ΡΟΛΟ ΚΟΥΖΙΝΑΣ ΛΕΥΚΟ 600G                      ,2.48,4.13,609410_E1.jpg,1,Χαρτί Κουζίνας,kg,,mymarket,20-08-2025,26-08-2025
39,712135,AIM WHITE SYSTEM ΟΔΟΝΤΟΚΡΕΜΑ 75ML                           ,1.71,22.80,712135_E1.jpg,0,Οδοντόκρεμα,kg,,mymarket,20-08-2025,26-08-2025
40,609448,MY SOFT ΧΑΡΤΙ ΥΓΕΙΑΣ ΓΚΟΦΡΕ 8ΑΡΙ 0.784KG                    ,2.98,0.37,609448_E1.jpg,1,Χαρτί Υγείας,τμχ,,mymarket,20-08-2025,26-08-2025
41,601197,ALWAYS PLATINUM ULTRA SUPER 14ΤEM.                          ,2.40,0.17,601197_E1.jpg,0,Σερβιέτες ή Ταμπόν,τμχ,,mymarket,20-08-2025,26-08-2025
42,272284,MILLHOUSE ΝΙΦΑΔΕΣ ΒΡΩΜΗΣ 500G                               ,1.14,2.28,272284_E1.jpg,0,Προϊόντα Βρώμης,kg,,mymarket,20-08-2025,26-08-2025
43,771061,ORZENE ΣΑΜΠΟΥΑΝ ΓΙΑ ΚΑΝΟΝΙΚΑ ΜΑΛΛΙΑ 400ML.                  ,2.88,7.20,771061_E1.jpg,0,Σαμπουάν,lt,,mymarket,20-08-2025,26-08-2025
44,713014,AROMATICS ΣΑΠΟΥΝΙ IN BOX LAVENDER 100G                      ,0.71,7.10,713014_E1.jpg,0,Σαπούνι Στερεό,kg,,mymarket,20-08-2025,26-08-2025
45,606314,MY SOFT ΕΣΩΡΟΥΧΑ ΑΚΡΑΤΕΙΑΣ MEDIUM-LARGE 10ΤEM.              ,4.50,0.45,606314_E1.jpg,1,Πάνες Ακράτειας,τμχ,,mymarket,20-08-2025,26-08-2025
46,605930,PAMPERS ACTIVE BABY N.5 11-16K 38TΕΜ.                       ,9.98,0.26,605930_E1.jpg,0,Πάνες για Μωρά,τμχ,,mymarket,20-08-2025,26-08-2025
46,605931,PAMPERS ACTIVE BABY N.6 13-18K 32ΤΕΜ.                       ,9.98,0.31,605931_E1.jpg,0,Πάνες για Μωρά,τμχ,,mymarket,20-08-2025,26-08-2025
47,611100,SEPTONA ΜΩΡΟΜΑΝΤΗΛΑ CALM N' CARE ΑΛΟΗ (3Χ60ΤΕΜ.)            ,2.29,0.01,611100_E1.jpg,0,Μωρομάντηλα,τμχ,,mymarket,20-08-2025,26-08-2025
48,715253,SEPTONA BABY ΣΑΜΠΟΥΑΝ & ΑΦΡΟΛΟΥΤΡΟ ΒΑΛΣΑΜΟ & ΑΛΟΗ 500ML     ,2.70,5.40,715253_E1.jpg,0,Σαμπουάν για Μωρά,lt,,mymarket,20-08-2025,26-08-2025
49,290053,MY FRIENDS ΚΟΝΣΕΡΒΑ ΣΚΥΛΟΥ ΜΕ ΚΟΤΟΠΟΥΛΟ & ΓΑΛΟΠΟΥΛΑ 400G    ,0.73,1.83,290053_E1.jpg,1,Τροφή για Σκύλους,kg,,mymarket,20-08-2025,26-08-2025
50,292200,MY FRIENDS ΥΓΡΗ ΤΡΟΦΗ ΓΑΤΑΣ ΚΟΤΟΠ-ΓΑΛΟΠ & ΒΟΔ-ΚΑΡ (4Χ100G)  ,1.85,4.63,292200_E1.jpg,1,Τροφή για γάτες,kg,,mymarket,20-08-2025,26-08-2025
51,236461,ΟΡΕΙΝΟΙ ΜΥΛΟΙ ΑΛΕΥΡΙ ΓΙΑ ΟΛΕΣ ΤΙΣ ΧΡΗΣΕΙΣ 1KG               ,0.73,0.73,236461_E1.jpg,0,Αλεύρι,kg,,mymarket,20-08-2025,26-08-2025
53,105957,MY GUSTO ΠΑΡΙΖΑ ΤΟΣΤ (ΤΙΜΗ ΚΙΛΟΥ)                           ,4.00,4.00,105957_E1.jpg,1,Πάριζα,kg,,mymarket,20-08-2025,26-08-2025
54,113451,MY GUSTO ΓΑΛΑ ΥΨΗΛΗΣ ΘΕΡΜΙΚΗΣ ΕΠΕΞΕΡΓ. 3.5% ΛΙΠΑΡΑ 12/1L    ,1.02,1.02,113451_E1.jpg,1,Γάλα υψηλής παστερίωσης πλήρες,kg,,mymarket,20-08-2025,26-08-2025
54,113765,MY GUSTO ΓΑΛΑ ΥΨΗΛΗΣ ΘΕΡΜΙΚΗΣ ΕΠΕΞΕΡΓΑΣΙΑΣ 3.5% ΛΙΠ.1L      ,1.02,1.02,113765_E1.jpg,1,Γάλα υψηλής παστερίωσης πλήρες,kg,,mymarket,20-08-2025,26-08-2025
55,113473,MY GUSTO ΓΑΛΑ ΥΨΗΛΗΣ ΘΕΡΜΙΚΗΣ ΕΠΕΞΕΡΓ. 1.5% ΛΙΠΑΡΑ 12/1L    ,1.02,1.02,113473_E1.jpg,1,Γάλα παστερίωσης με χαμηλά λιπαρά,kg,,mymarket,20-08-2025,26-08-2025
55,113764,MY GUSTO ΓΑΛΑ ΥΨΗΛΗΣ ΘΕΡΜΙΚΗΣ ΕΠΕΞΕΡΓΑΣΙΑΣ 1.5% ΛΙΠ.1L      ,1.02,1.02,113764_E1.jpg,1,Γάλα παστερίωσης με χαμηλά λιπαρά,kg,,mymarket,20-08-2025,26-08-2025
56,669359,ΤΡΙΚΚΗ ΛΕΥΚΟ ΤΥΡΙ ΑΓΕΛΑΔΙΝΟ ΔΟΧΕΙΟ ΠΡΟΕΛ.ΕΛΛΑΔΑ (ΤΙΜΗ ΚΙΛΟΥ),4.95,4.95,669359_E1.jpg,0,Λευκό τυρί,kg,,mymarket,20-08-2025,26-08-2025
57,232050,ΑΓΡΟΤΥΠ ΦΑΣΟΛΙΑ ΜΕΤΡΙΑ 500G                                 ,1.58,3.16,232050_E1.jpg,0,Φασόλια,kg,,mymarket,20-08-2025,26-08-2025
58,232409,AGRINO ΡΕΒΙΘΙΑ ΧΟΝΔΡΑ ΤΟΥ ΚΟΣΜΟΥ 500G(ΕΙΣ)                  ,2.94,5.88,232409_E1.jpg,0,Ρεβύθια,kg,,mymarket,20-08-2025,26-08-2025
52,,ΚΙΜΑΣ ΣΠΑΛΑΣ ΝΕΑΡΟΥ ΜΟΣΧΟΥ ΝΩΠΗ ΟΛΛΑΝΔΙΑΣ,15.7,15.7,1230175.jpg,0,Μοσχάρι,kg,,sklavenitis,20-08-2025,26-08-2025
52,,ΣΠΑΛΑ ΝΕΑΡΟΥ ΜΟΣΧΟΥ ΑΝΕΥ ΟΣΤΟΥ ΝΩΠΗ ΟΛΛΑΝΔΙΑΣ ΣΥΣΚΕΥΑΣΜΕΝΗ ΕΠΙ ΖΥΓΙΩ,15.7,15.7,1252948.jpg,0,Μοσχάρι,kg,,sklavenitis,20-08-2025,26-08-2025
52,,ΕΛΙΑ ΝΕΑΡΟΥ ΜΟΣΧΟΥ ΑΝΕΥ ΟΣΤΟΥ ΝΩΠΗ ΣΥΣΚΕΥΑΣΜΕΝΗ ΕΠΙ ΖΥΓΙΩ,15.7,15.7,1252950.jpg,1,Μοσχάρι,kg,,sklavenitis,20-08-2025,26-08-2025
52,,ΣΠΑΛΑ ΝΕΑΡΟΥ ΜΟΣΧΟΥ ΑΝΕΥ ΟΣΤΟΥ ΝΩΠΗ ΟΛΛΑΝΔΙΑΣ,15.7,15.7,1454290.jpg,0,Μοσχάρι,kg,,sklavenitis,20-08-2025,26-08-2025
52,,ΕΛΙΑ ΝΕΑΡΟΥ ΜΟΣΧΟΥ ΑΝΕΥ ΟΣΤΟΥ ΝΩΠΗ ΟΛΛΑΝΔΙΑΣ,15.7,15.7,1454291.jpg,0,Μοσχάρι,kg,,sklavenitis,20-08-2025,26-08-2025
52,,ΚΙΜΑΣ ΣΠΑΛΑΣ ΝΕΑΡΟΥ ΜΟΣΧΟΥ ΝΩΠΟΣ ΟΛΛΑΝΔΙΑΣ 500G,7.85,15.7,1467644.jpg,0,Μοσχάρι,kg,,sklavenitis,20-08-2025,26-08-2025
2,5202576303164,ΑΡΤΟΣΚΕΥΑΣΜΑ ΜΑΡΑΤΑ ΣΙΤΟΥ ΜΙΝΙ 340G,0.75,2.21,1221378.jpg,1,Ψωμί για Tοστ,Kg,,sklavenitis,20-08-2025,26-08-2025
3,5201673002079,ΑΡΤΟΣΚΕΥΑΣΜΑ ΚΑΡΑΜΟΛΕΓΚΟΣ ΠΡΟΖYMO ΟΡΕΙΝΟ 500G,1.65,3.3,1586053.jpg,0,Ψωμί Φραντζόλα,Kg,,sklavenitis,20-08-2025,26-08-2025
3,2382220000007,ΦΡΑΝΤΖΟΛΑ ΛΕΥΚΗ ΨΗΜΕΝΗ ΚΑΤΕΨΥΓΜΕΝΗ 350G,0.75,2.14,1650820.jpg,0,Ψωμί Φραντζόλα,Kg,,sklavenitis,20-08-2025,26-08-2025
3,2382223000004,ΦΡΑΝΤΖΟΛΑ ΛΕΥΚΗ ΨΗΜΕΝΗ ΚΑΤΕΨΥΓΜΕΝΗ 350G,0.75,2.14,1650823.jpg,0,Ψωμί Φραντζόλα,Kg,,sklavenitis,20-08-2025,26-08-2025
3,5201669220821,ΦΡΑΝΤΖΟΛΑ ΛΕΥΚΗ ΨΗΜΕΝΗ ΚΑΤΕΨΥΓΜΕΝΗ 350G,0.75,2.14,4697157.jpg,0,Ψωμί Φραντζόλα,Kg,,sklavenitis,20-08-2025,26-08-2025
4,5201004058713,ΠΑΠΑΔΟΠΟΥΛΟΥ ΦΡΥΓΑΝ.ΣΤΑΡΕΝ.4Χ127.5G,1.56,3.06,1125857.jpg,0,Φρυγανιές,Kg,,sklavenitis,20-08-2025,26-08-2025
5,5201013012508,ΜΑΚΑΡΟΝΙΑ ΜΑΚΒΕΛ Νο6 500G,0.67,1.34,1223465.jpg,0,Μακαρόνια Νο 6,Kg,,sklavenitis,20-08-2025,26-08-2025
6,,ΜΠΡΙΖΟΛΑ ΧΟΙΡΙΝΗ ΜΕ ΟΣΤΟ ΝΩΠΗ ΟΛΛΑΝΔΙΑΣ ΣΥΣΚΕΥΑΣΜΕΝΗ ΕΠΙ ΖΥΓΙΩ,6,6,1252962.jpg,0,Νωπό Χοιρινό,Kg,,sklavenitis,20-08-2025,26-08-2025
6,,ΜΠΡΙΖΟΛΕΣ ΚΑΡΕ ΧΟΙΡΙΝΕΣ ΜΕ ΟΣΤΟ ΝΩΠΕΣ ΟΛΛΑΝΔΙΑΣ,6,6,1454383.jpg,0,Νωπό Χοιρινό,Kg,,sklavenitis,20-08-2025,26-08-2025
7,,ΚΟΤΟΠΟΥΛΟ ΟΛΟΚΛΗΡΟ ΝΩΠΟ ΕΛΛΑΔΟΣ,3,3,1357727.jpg,0,Νωπό Κοτόπουλο Ολόκληρο,Kg,,sklavenitis,20-08-2025,26-08-2025
7,,ΚΟΤΟΠΟΥΛΟ 65% ΑΓΡΟΖΩΗ ΝΩΠΟ ΕΛΛΑΔΟΣ ΣΥΣΚΕΥΑΣΜΕΝΟ ΕΠΙ ΖΥΓΙΩ,3,3,1448543.jpg,0,Νωπό Κοτόπουλο Ολόκληρο,Kg,,sklavenitis,20-08-2025,26-08-2025
8,5201390072430,ΓΑΛΟΠΟΥΛΑ ΕΔΕΣΜΑ ΚΑΠΝΙΣΤΗ ΧΩΡΙΣ ΓΛΟΥΤΕΝΗ 160G,1.68,10.5,1583546.jpg,0,Γαλοπούλα,Kg,,sklavenitis,20-08-2025,26-08-2025
8,,ΚΑΠΝΙΣΤΗ ΓΑΛΟΠΟΥΛΑ ΕΔΕΣΜΑ,7.75,7.75,1583548.jpg,0,Γαλοπούλα,Kg,,sklavenitis,20-08-2025,26-08-2025
9,,ΜΠΑΚΑΛΙΑΡΟΣ ΑΝΕΥ ΚΕΦΑΛΙΟΥ ΚΑΤΕΨΥΓΜΕΝΟΣ,6.48,6.48,1221912.jpg,0,Ψάρια Κατεψυγμένα,Kg,,sklavenitis,20-08-2025,26-08-2025
10,5208046089170,ΦΡΕΣΚΟ ΓΑΛΑ ΜΑΡΑΤΑ 3.5%ΛΙΠ 100% ΕΛΛΑΔΟΣ 1L,1.05,1.05,1537085.jpg,1,Γάλα Φρέσκο Πλήρες,lt,,sklavenitis,20-08-2025,26-08-2025
10,5201037508896,ΦΡΕΣΚΟ ΓΑΛΑ ΔΕΛΤΑ ΚΑΘΗΜΕΡΙΝΑ ΠΛΗΡΕΣ 1L,1.67,1.67,1543280.jpg,0,Γάλα Φρέσκο Πλήρες,lt,,sklavenitis,20-08-2025,26-08-2025
10,5204139001388,ΦΡΕΣΚΟ ΓΑΛΑ ΕΒΟΛ ΔΙΑΛΕΧΤΟ ΑΓΕΛΑΔΟΣ 3.7%ΛΙΠ.1L,1.68,1.68,5666946.jpg,0,Γάλα Φρέσκο Πλήρες,lt,,sklavenitis,20-08-2025,26-08-2025
11,5208046089163,ΦΡΕΣΚΟ ΓΑΛΑ ΜΑΡΑΤΑ 1.5%ΛΙΠ 100% ΕΛΛΑΔΟΣ 1L,1.05,1.05,1537084.jpg,1,Γάλα Φρέσκο (Χαμηλά Λιπαρά <2%),lt,,sklavenitis,20-08-2025,26-08-2025
11,201037508902,ΦΡΕΣΚΟ ΓΑΛΑ ΔΕΛΤΑ ΚΑΘΗΜΕΡΙΝΑ ΕΛΑΦΡΥ 1L,1.67,1.67,1543287.jpg,0,Γάλα Φρέσκο (Χαμηλά Λιπαρά <2%),lt,,sklavenitis,20-08-2025,26-08-2025
11,5204139001395,ΦΡΕΣΚΟ ΓΑΛΑ ΕΒΟΛ ΔΙΑΛΕΧΤΟ ΑΓΕΛΑΔΟΣ 1.5%ΛΙΠ.1L,1.68,1.68,5667019.jpg,0,Γάλα Φρέσκο (Χαμηλά Λιπαρά <2%),lt,,sklavenitis,20-08-2025,26-08-2025
12,5201037508049,ΓΑΛΑ ΒΛΑΧΑΣ ΕΒΑΠΟΡΕ 6Χ410G *,7.02,2.85,6511810.jpg,0,Γάλα Εβαπορέ,lt,,sklavenitis,20-08-2025,26-08-2025
12,5201037508070,ΓΑΛΑ ΒΛΑΧΑΣ ΕΒΑΠΟΡΕ ΕΛΑΦΡΥ 6Χ410G*,7.02,2.85,6511828.jpg,0,Γάλα Εβαπορέ,lt,,sklavenitis,20-08-2025,26-08-2025
13,5202576210578,ΓΙΑΟΥΡΤΙ ΜΑΡΑΤΑ ΑΓΕΛΑΔΟΣ 3.9%ΛΙΠ ΕΛΛΑΔΑΣ 3Χ200G,1.38,2.3,1221833.jpg,1,Γιαούρτι από Γάλα Αγελάδος Χωρίς Γεύσεις,kg,,sklavenitis,20-08-2025,26-08-2025
13,5201704064687,ΓΙΑΟΥΡΤΙ ΣΤΡΑΓΓΙΣΤΟ ΚΟΛΙΟΣ 5% 850ΓΡ,3.24,3.81,1297870.jpg,0,Γιαούρτι από Γάλα Αγελάδος Χωρίς Γεύσεις,kg,,sklavenitis,20-08-2025,26-08-2025
14,5202576043992,ΓΙΑΟΥΡΤΙ ΜΑΡΑΤΑ ΑΓΕΛΑΔΟΣ 2%ΛΙΠ ΕΛΛΑΔΑΣ 3Χ200G,1.38,2.3,1221836.jpg,1,Γιαούρτι από Γάλα Αγελάδος Χωρίς Γεύσεις (Χαμηλά Λιπαρά <2%),kg,,sklavenitis,20-08-2025,26-08-2025
14,5201704064694,ΓΙAΟΥΡΤΙ ΣΤΡΑΓΓΙΣΤΟ ΚΟΛΙΟΣ 2% 850ΓΡ,3.24,3.81,1297871.jpg,0,Γιαούρτι από Γάλα Αγελάδος Χωρίς Γεύσεις (Χαμηλά Λιπαρά <2%),kg,,sklavenitis,20-08-2025,26-08-2025
15,5200103211081,ΦΕΤΑ ΠΟΠ ΚΑΡΑΛΗ ΣΕ VACUUM 400G,3.95,9.88,1584112.jpg,0,Τυρί Φέτα,kg,,sklavenitis,20-08-2025,26-08-2025
15,,ΦΕΤΑ ΜΥΤΙΛΗΝΗΣ Π.Ο.Π. ΔΟΧΕΙΟ,9.9,9.9,5662325.jpg,0,Τυρί Φέτα,kg,,sklavenitis,20-08-2025,26-08-2025
16,,ΓΚΟΥΝΤΑ ΟΛΛΑΝΔΙΑΣ ΦΡΑΤΖΟΛΑ,7.2,7.2,1169800.jpg,0,Τυρί Γκούντα,kg,,sklavenitis,20-08-2025,26-08-2025
16,,ΓΚΟΥΝΤΑ ΓΕΡΜΑΝΙΑΣ 48%ΛΙΠ ΦΡΑΤΖΟΛΑ,7.2,7.2,1222113.jpg,0,Τυρί Γκούντα,kg,,sklavenitis,20-08-2025,26-08-2025
16,5202576461208,ΓΚΟΥΝΤΑ ΓΕΡΜΑΝΙΑΣ ΣΕ ΦΕΤΕΣ 350G,2.52,7.2,1223810.jpg,0,Τυρί Γκούντα,kg,,sklavenitis,20-08-2025,26-08-2025
17,,ΓΚΟΥΝΤΑ ΑΥΣΤΡΙΑΣ ALPILAND LIGHT ΦΡΑΤΖΟΛΑ,7.9,7.9,1583637.jpg,0,Τυρί με Χαμηλά Λιπαρά,kg,,sklavenitis,20-08-2025,26-08-2025
17,,ΤΥΡΙ ΜΑΡΑΤΑ LIGHT ΔΑΝΙΑΣ ΦΡΑΤΖΟΛΑ,8.9,8.9,1594885.jpg,1,Τυρί με Χαμηλά Λιπαρά,kg,,sklavenitis,20-08-2025,26-08-2025
17,5208046257777,ΤΥΡΙ ΜΑΡΑΤΑ ΔΑΝΙΑΣ LIGHT ΦΕΤΕΣ 300G,2.66,8.87,1596306.jpg,1,Τυρί με Χαμηλά Λιπαρά,kg,,sklavenitis,20-08-2025,26-08-2025
18,5201106271270,PUMMARO ΚΛΑΣΣΙΚΟ ΕΛΑΦΡ.ΣΥΜΠ 500ΓΡ,0.68,1.36,8408452.jpg,0,Χυμός Τομάτας Διατηρημένος,kg,,sklavenitis,20-08-2025,26-08-2025
19,52013201,ΑΥΓΑ ΤΣΑΟΥΣΗ LARGE 6 TEM,1.95,0.33,1223799.jpg,0,Αυγά,τμχ,,sklavenitis,20-08-2025,26-08-2025
19,5202930130016,ΧΡΥΣΑ ΑΥΓΑ 63-73G+ 6ΤEM,1.95,0.33,5163068.jpg,0,Αυγά,τμχ,,sklavenitis,20-08-2025,26-08-2025
20,5208069003115,ΛΙΠΑΡΗ ΥΛΗ SUPER FRESCO ΠΑΚΕΤΟ 200G,0.75,3.75,1560454.jpg,0,Μαργαρίνες,kg,,sklavenitis,20-08-2025,26-08-2025
20,5200106300805,ΜΑΡΓΑΡΙΝΗ ARISTON SOFT 60%ΛΙΠ.500G,1.9,3.8,1603319.jpg,0,Μαργαρίνες,kg,,sklavenitis,20-08-2025,26-08-2025
21,5213002470060,ΕΛΑΙΟΛΑΔΟ ΜΟLΟΝ LAVE ΕΞ.ΠΑΡΘΕNΟ 1L,6.8,6.8,1591730.jpg,0,Παρθένο Ελαιόλαδο,lt,,sklavenitis,20-08-2025,26-08-2025
22,5200131610009,ΗΛΙΕΛΑΙΟ EL DION 1L,1.75,1.75,1573615.jpg,0,Ηλιέλαιο,lt,,sklavenitis,20-08-2025,26-08-2025
23,5202977021148,ΑΡΑΚΑΣ ΑΙΝΟΣ ΕΛΛΗΝΙΚΟΣ 1KG,2.55,2.55,1221441.jpg,0,Λαχανικά Κατεψυγμένα,kg,,sklavenitis,20-08-2025,26-08-2025
23,5201262001292,ΦΑΣΟΛΑΚΙΑ ΜΠ.ΣΤΑΘΗ ΣΤΡΟΓΓΥΛΑ 1000G,3.25,3.25,4070447.jpg,0,Λαχανικά Κατεψυγμένα,kg,,sklavenitis,20-08-2025,26-08-2025
23,5201262001285,ΑΡΑΚΑΣ ΜΠΑΡΜΠΑ ΣΤΑΘΗΣ 1000G,2.98,2.98,4070611.jpg,0,Λαχανικά Κατεψυγμένα,kg,,sklavenitis,20-08-2025,26-08-2025
23,5202977021025,ΦΑΣΟΛΑΚΙΑ ΑΙΝΟΣ ΣΤΡΟΓΓΥΛΑ ΕΛΛΗΝΙΚΑ 1KG,2.65,2.65,4638888.jpg,0,Λαχανικά Κατεψυγμένα,kg,,sklavenitis,20-08-2025,26-08-2025
23,5201262001360,ΦΑΣΟΛΑΚΙΑ ΜΠ.ΣΤΑΘΗ ΠΛΑΤΙΑ 1000G,3.25,3.25,6332894.jpg,0,Λαχανικά Κατεψυγμένα,kg,,sklavenitis,20-08-2025,26-08-2025
24,5213004880003,ΖΑΧΑΡΗ ΛΕΥΚΗ ΚΡΥΣΤΑΛ.CRIST.1KG Ε.Ε,0.71,0.71,1217252.jpg,0,Λευκή Ζάχαρη,kg,,sklavenitis,20-08-2025,26-08-2025
24,5213003400004,ΖΑΧΑΡΗ SUDZUCKER ΛΕΥΚΗ ΚΡΥΣΤΑΛΛ.ΕΕ 1KG,0.71,0.71,1217799.jpg,0,Λευκή Ζάχαρη,kg,,sklavenitis,20-08-2025,26-08-2025
24,5206558099120,ΖΑΧΑΡΗ ΛΕΥΚΗ ΚΡΥΣΤΑΛ.SUGARTIA 1K EE,0.71,0.71,1548652.jpg,0,Λευκή Ζάχαρη,kg,,sklavenitis,20-08-2025,26-08-2025
25,5201002000233,ΦΑΡΙΝ ΛΑΚΤΕ ΓΙΩΤΗΣ ΣΕ ΣΚΟΝΗ 300G,2.43,8.1,4087839.jpg,0,Κρέμες για βρέφη,kg,,sklavenitis,20-08-2025,26-08-2025
26,5202353004819,ΓΑΛΑ ALMIRON GROWING UP 1+ 1L,1.8,1.8,1063898.jpg,0,Γάλα για βρέφη,kg,,sklavenitis,20-08-2025,26-08-2025
27,5202576707740,ΚΑΦΕΣ ΕΛΛΗΝΙΚΟΣ BONORA 194ΓΡ,2.28,11.75,1226006.jpg,1,Ελληνικός Καφές,kg,,sklavenitis,20-08-2025,26-08-2025
28,5208046257876,ΚΑΦΕΣ ΣΤΙΓΜΗΣ BONORA 100G,2.68,26.8,1221515.jpg,1,Στιγμιαίος Καφές,kg,,sklavenitis,20-08-2025,26-08-2025
29,5202576460836,ΚΑΦΕΣ ΦΙΤΡΟΥ ΒΟNORA ΦΟΥΝΤΟΥΚΙ 250ΓΡ,4.25,17,1221485.jpg,1,Γαλλικός Καφές,kg,,sklavenitis,20-08-2025,26-08-2025
30,5201002082031,ΓΛΥΚΑΝΤΙΚΟ SWEET&BALANCE ΣΤΕΒΙΑ ΣΕ ΣΚΟΝΗ 80G,3.07,38.38,6194435.jpg,0,Γλυκαντικές Ουσίες Κατάλληλες για Διαβητικούς,kg,,sklavenitis,20-08-2025,26-08-2025
32,5201399011270,ΦΑΚΕΣ 3ΑΛΦΑ ΨΙΛΕΣ ΕΙΣΑΓΩΓΗΣ 500G,2.3,4.6,4143988.jpg,0,Φακές,kg,,sklavenitis,20-08-2025,26-08-2025
33,5202576043855,ΧΥΜΟΣ ΜΑΡΑΤΑ ΠΟΡΤΟΚΑΛΙ ΦΥΣΙΚΟΣ 1L,1.47,1.47,1221535.jpg,1,Χυμός Πορτοκάλι,lt,,sklavenitis,20-08-2025,26-08-2025
33,5208046089460,ΧΥΜΟΣ ΜΑΡΑΤΑ ΠΟΡΤΟΚΑΛΙ ΦΥΣΙΚΟΣ 1L,1.47,1.47,1559037.jpg,1,Χυμός Πορτοκάλι,lt,,sklavenitis,20-08-2025,26-08-2025
35,5201321041146,ESSEX ΥΓΡΟ ΠΛΥΝΤ MULTI 32ΠΛΥΣΕΙΣ,3.88,0.12,1433514.jpg,0,Απορρυπαντικά Πλυντηρίου,μεζ,,sklavenitis,20-08-2025,26-08-2025
35,5208046090237,DROLIO ΥΓΡΟ ΠΛΥΝΤ.BLUE EΝERGY 44ΠΛ,4.2,0.1,1584107.jpg,1,Απορρυπαντικά Πλυντηρίου,μεζ,,sklavenitis,20-08-2025,26-08-2025
35,5208046257982,DROLIO ΣΚΟΝΗ ΠΛΥΝΤ 45ΠΛ ΝΕΑ ΣΥΝΘΕΣΗ,5.45,0.12,1632303.jpg,1,Απορρυπαντικά Πλυντηρίου,μεζ,,sklavenitis,20-08-2025,26-08-2025
36,5202576210394,ΧΛΩΡΟΚΑΘΑΡΙΣΤΙΚΟ DROLIO ULT LEMON 1250ML,0.94,0.75,1221642.jpg,1,Απορρυπαντικά για Σφουγγάρισμα - Χλωρίνες,lt,,sklavenitis,20-08-2025,26-08-2025
36,8718951337985,AJAX BOOST ΞΥΔΙ-ΜΗΛΟ 1LT,1.43,1.43,1381856.jpg,0,Απορρυπαντικά για Σφουγγάρισμα - Χλωρίνες,lt,,sklavenitis,20-08-2025,26-08-2025
37,5201314120957,AVA ΥΓΡΟ ΠΙΑΤ ACTION ΞΙΔΙ&ΜΗΛΟ 430ML,1,2.33,1437910.jpg,0,Απορρυπαντικά Πιάτων,lt,,sklavenitis,20-08-2025,26-08-2025
38,5200107431034,ΡΟΛΟ ΚΟΥΖΙΝΑΣ ΓΛΑΡΟΣ 1Τ Χ800ΓΡ,2.5,3.13,1221455.jpg,0,Χαρτί Κουζίνας,kg,,sklavenitis,20-08-2025,26-08-2025
39,6920354836152,ΟΔ/ΜΑ COLGATE FAMILY ACTION 100ML.,1.22,12.2,1412647.jpg,0,Οδοντόκρεμα,kg,,sklavenitis,20-08-2025,26-08-2025
40,5200107430198,ΡΟΛΑ ΥΓΕΙΑΣ ΓΛΑΡΟΣ ΜΙΝΙ 2Φ 10ΤΕΜΧ75G,2.46,0.25,1405367.jpg,0,Χαρτί Υγείας,τμχ,,sklavenitis,20-08-2025,26-08-2025
41,7322540576474,ΣΕΡΒ/ΤΕΣ LIBRESSE ΝΥΧΤΑΣ 10ΤΕΜ,1.48,0.15,5103593.jpg,0,Σερβιέτες ή Ταμπόν,τμχ,,sklavenitis,20-08-2025,26-08-2025
42,5202646001136,ΝΙΦΑΔΕΣ ΒΡΟΜΗΣ MILLHOUSE ΣΕ ΣΑΚΟΥΛΑ 500G,0.98,1.96,1224529.jpg,0,Προϊόντα Βρώμης,kg,,sklavenitis,20-08-2025,26-08-2025
43,5201314157977,ΣΑΜΠ.ORZENE ΜΠΙΡΑΣ ΟΛ.ΤΥΠ ΑΝΤΛΙΑ 750ML,3.78,5.04,1228925.jpg,0,Σαμπουάν,lt,,sklavenitis,20-08-2025,26-08-2025
44,5202576633643,ΣΑΠΟΥΝΙ SETTE LILLY & LIME 125ΓΡ.,0.42,3.36,1393550.jpg,1,Σαπούνι Στερεό,kg,,sklavenitis,20-08-2025,26-08-2025
45,5201263086618,SANI PANTS N.2 MEDIUM 14ΤEM.,7.51,0.54,1097010.jpg,0,Πάνες Ακράτειας,τμχ,,sklavenitis,20-08-2025,26-08-2025
45,5201263086625,SANI PANTS N.3 LARGE 14ΤEM,8.95,0.64,1097018.jpg,0,Πάνες Ακράτειας,τμχ,,sklavenitis,20-08-2025,26-08-2025
45,5202576464582,ΠΑΝΕΣ ΑΚΡΑΤ.PANTS SETTE COMF.MED.Νο2 14Τ,6.8,0.49,1300098.jpg,1,Πάνες Ακράτειας,τμχ,,sklavenitis,20-08-2025,26-08-2025
45,5202576464599,ΠΑΝΑ ΑΚΡΑΤ.PANTS SETTE COMF.LARGE Ν3 14Τ,6.9,0.49,1300099.jpg,1,Πάνες Ακράτειας,τμχ,,sklavenitis,20-08-2025,26-08-2025
46,5201263082603,BABYLINO SENSITIVE ECON.No5 44Τ,9.95,0.23,7094907.jpg,0,Πάνες για Μωρά,τμχ,,sklavenitis,20-08-2025,26-08-2025
46,5201263082573,BABYLINO SENSITIVE ECONOMY No3 4-9KG 56Τ,9.95,0.18,7095508.jpg,0,Πάνες για Μωρά,τμχ,,sklavenitis,20-08-2025,26-08-2025
46,5201263082580,BABYLINO SENSITIVE ECON No4 50Τ,9.95,0.2,7095524.jpg,0,Πάνες για Μωρά,τμχ,,sklavenitis,20-08-2025,26-08-2025
47,5201263078439,ΜΩΡ/ΛΑ BABYCARE SENS.PLUS TRIPLE 3x54Τ,2.18,0.01,1653233.jpg,0,Μωρομάντηλα,τμχ,,sklavenitis,20-08-2025,26-08-2025
48,5201410220056,SEPTONA BABY ΣΑΜΠ/ΑΦΡΟΛ ΑΛΟΗ 500ML,2.54,5.08,1152657.jpg,0,Σαμπουάν για Μωρά,lt,,sklavenitis,20-08-2025,26-08-2025
48,5202576634022,ΑΦΡΟΛΟΥΤΡΟ&ΣΑΜΠ.SETTE BABY ANTΛ.500ML,1.9,3.8,1413759.jpg,1,Σαμπουάν για Μωρά,lt,,sklavenitis,20-08-2025,26-08-2025
49,5202576282360,ΥΓΡΗ ΤΡΟΦΗ ΣΚΥΛΟΥ BARRON ΜΠΟΥΚΙΕΣ ΜΕ ΚΟΤΟΠΟΥΛΟ & ΓΑΛΟΠΟΥΛΑ 1230G,1.6,1.3,1221629.jpg,1,Τροφή για Σκύλους,kg,,sklavenitis,20-08-2025,26-08-2025
50,5208046011133,ΓΑΤΟΤΡΟΦΗ BARRON ΠΑΤΕ ΜΕ ΚΟΤΟΠ.100G,0.37,3.7,1435920.jpg,1,Τροφή για γάτες,kg,,sklavenitis,20-08-2025,26-08-2025
51,5201544018406,ΑΛΕΥΡΙ ΜΥΛΟΙ ΑΓΙΟΥ ΓΕΩΡΓΙΟΥ ΓΙΑ ΟΛΕΣ ΤΙΣ ΧΡΗΣΕΙΣ ΟΙΚΟΓ.ΣΥΣΚΕΥΑΣΙΑ 3Χ1ΚG,3.15,1.05,1646923.jpg,0,Αλεύρι,kg,,sklavenitis,20-08-2025,26-08-2025
53,,ΠΑΡΙΖΑ TOSTAKI ΕΛΛΑΔΑΣ,3.4,3.4,1117707.jpg,0,Πάριζα,kg,,sklavenitis,20-08-2025,26-08-2025
53,5202575007469,ΠΑΡΙΖΑ TOSTAKI ΧΩΡΙΣ ΓΛΟΥΤΕΝΗ 160G,0.95,5.94,1210849.jpg,0,Πάριζα,kg,,sklavenitis,20-08-2025,26-08-2025
54,5206851036860,ΓΑΛΑ ΝΟΥΝΟΥ FAMILY ΠΛΗΡΕΣ ΥΨΗΛΗΣ ΠΑΣΤΕΡΙΩΣΗΣ 1L,2.06,2.06,5203849.jpg,0,Γάλα υψηλής παστερίωσης πλήρες,kg,,sklavenitis,20-08-2025,26-08-2025
55,5206851036877,ΓΑΛΑ ΝΟΥΝΟΥ FAMILY ΕΛΑΦΡΥ ΥΨΗΛΗΣ ΠΑΣΤΕΡΙΩΣΗΣ 1L,2.06,2.06,5203815.jpg,0,Γάλα παστερίωσης με χαμηλά λιπαρά,kg,,sklavenitis,20-08-2025,26-08-2025
56,5200103210589,ΤΥΡΙ ΛΕΥΚΟ ΦΑΡΜΑ ΚΑΡΑΛΗ 400G,2.56,6.4,1654541.jpg,0,Λευκό τυρί,kg,,sklavenitis,20-08-2025,26-08-2025
56,,ΛΕΥΚΟ ΤΥΡΙ ΦΑΡΜΑ ΚΑΡΑΛΗ ΔΟΧΕΙΟ,6.4,6.4,1657298.jpg,0,Λευκό τυρί,kg,,sklavenitis,20-08-2025,26-08-2025
57,5201399011201,ΦΑΣΟΛΙΑ 3 ΑΛΦΑ ΜΕΤΡΙΑ ΕΙΣΑΓ.500G,2.3,4.6,4141750.jpg,0,Φασόλια,kg,,sklavenitis,20-08-2025,26-08-2025
58,5202576358591,ΡΕΒΙΘΙΑ ΣΚΛΑΒΕΝΙΤΗΣ ΧΟΝΔΡΑ ΕΛΛΗΝΙΚΑ 500G,1.85,3.7,1223393.jpg,1,Ρεβύθια,kg,,sklavenitis,20-08-2025,26-08-2025
58,5201399010334,ΡΕΒΙΘΙΑ 3 ΑΛΦΑ ΑΠΟΦΛ/ΝΑ 500G.,3.7,7.4,4143392.jpg,0,Ρεβύθια,kg,,sklavenitis,20-08-2025,26-08-2025
52,142400,Βόειο Τρανς Α/Ο Ε.Ε. Ελληνικής Εκτροφής > 5 Μηνών,15.90,15.90,142400.jpg,0,Μοσχάρι,kg,,xalkiadakis,20-08-2025,26-08-2025
1,161251,Ωμέγα Special Ρύζι Parboiled 500 gr,0.95,1.90,161251.jpg,0,Ρύζι,Kg,,xalkiadakis,20-08-2025,26-08-2025
2,148933,Κατσέλης Ψωμί Τοστ Σταρένιο 720 gr,1.20,1.67,148933.jpg,0,Ψωμί για Tοστ,Kg,,xalkiadakis,20-08-2025,26-08-2025
3,181575,Κατσέλης Διπλοζυμωτό Ψωμί Με Προζύμι Σταρένιο 500 gr,1.68,3.36,181575.jpg,0,Ψωμί Φραντζόλα,Kg,,xalkiadakis,20-08-2025,26-08-2025
4,202198,Forma Φρυγανιές Σταρένιες 4 x 125 gr,1.44,2.88,202198.jpg,0,Φρυγανιές,Kg,,xalkiadakis,20-08-2025,26-08-2025
5,34472,Ήλιος Μακαρόνια Σπαγγέτι Ν6 500 gr,0.58,1.16,34472.jpg,0,Μακαρόνια Νο 6,Kg,,xalkiadakis,20-08-2025,26-08-2025
6,19114,Χοιρινό Α/Ο Ελληνικό,7.60,7.60,19114.jpg,0,Νωπό Χοιρινό,Kg,,xalkiadakis,20-08-2025,26-08-2025
7,177105,ΚΟΤ/ΛΟ 65% Ν.ΑΜΒΡΟΣΙΑΔΗΣ ΕΛΛ ΧΥΜ,2.98,2.98,177105.jpg,0,Νωπό Κοτόπουλο Ολόκληρο,Kg,,xalkiadakis,20-08-2025,26-08-2025
7,89355,Αγ. Ιωάννης Κοτόπουλο 65% Ελληνικό,2.98,2.98,89355.jpg,0,Νωπό Κοτόπουλο Ολόκληρο,Kg,,xalkiadakis,20-08-2025,26-08-2025
7,98808,Αγροζωή Κοτόπουλο 65% Ελληνικό,2.98,2.98,98808.jpg,0,Νωπό Κοτόπουλο Ολόκληρο,Kg,,xalkiadakis,20-08-2025,26-08-2025
7,189343,Νιτσιάκος Κοτόπουλο Ελληνικό,2.98,2.98,189343.jpg,0,Νωπό Κοτόπουλο Ολόκληρο,Kg,,xalkiadakis,20-08-2025,26-08-2025
8,79463,Creta Farms Εν Ελλάδι Φιλέτο Γαλοπούλα Καπνιστή Με Ελαιόλαδο Χωρίς Γλουτένη,8.95,8.95,79463.jpg,0,Γαλοπούλα,Kg,,xalkiadakis,20-08-2025,26-08-2025
9,176851,Kokkalis Παγκάσιους Φιλέτο Premium 850 gr,4.60,5.41,176851.jpg,0,Ψάρια Κατεψυγμένα,Kg,,xalkiadakis,20-08-2025,26-08-2025
10,184147,Καθημερινά Φρέσκο Γάλα Πλήρες 3.5% 1 lt,1.66,1.66,184147.jpg,0,Γάλα Φρέσκο Πλήρες,lt,,xalkiadakis,20-08-2025,26-08-2025
11,184146,Καθημερινά Φρέσκο Γάλα Ελαφρύ 1.5% 1 lt,1.66,1.66,184146.jpg,0,Γάλα Φρέσκο (Χαμηλά Λιπαρά <2%),lt,,xalkiadakis,20-08-2025,26-08-2025
12,170807,Βλάχας Γάλα Εβαπορέ Ελαφρύ 4% 6 x 410 gr,5.80,2.36,170807.jpg,0,Γάλα Εβαπορέ,lt,,xalkiadakis,20-08-2025,26-08-2025
12,170907,Βλάχας Γάλα Εβαπορέ Πλήρες 7.5% 6 x 410 gr,5.80,2.36,170907.jpg,0,Γάλα Εβαπορέ,lt,,xalkiadakis,20-08-2025,26-08-2025
12,170905,Βλάχας Γάλα Εβαπορέ Πλήρες 7.5% 410 gr,0.98,2.39,170905.jpg,0,Γάλα Εβαπορέ,lt,,xalkiadakis,20-08-2025,26-08-2025
12,170906,Βλάχας Γάλα Εβαπορέ Ελαφρύ 4% 410 gr,0.98,2.39,170906.jpg,0,Γάλα Εβαπορέ,lt,,xalkiadakis,20-08-2025,26-08-2025
12,143772,Νουνού Γάλα Εβαπορέ Ελαφρύ 4% 6 x 400 gr,5.95,2.48,143772.jpg,0,Γάλα Εβαπορέ,lt,,xalkiadakis,20-08-2025,26-08-2025
12,143773,Νουνού Γάλα Εβαπορέ Πλήρες 7.5% 6 x 400 gr,5.95,2.48,143773.jpg,0,Γάλα Εβαπορέ,lt,,xalkiadakis,20-08-2025,26-08-2025
12,121218,Νουνού Γάλα Εβαπορέ Πλήρες 7.5% 400 gr,1.00,2.50,121218.jpg,0,Γάλα Εβαπορέ,lt,,xalkiadakis,20-08-2025,26-08-2025
12,121220,Νουνού Γάλα Εβαπορέ Ελαφρύ 4% 400 gr,1.00,2.50,121220.jpg,0,Γάλα Εβαπορέ,lt,,xalkiadakis,20-08-2025,26-08-2025
13,135448,Δωδώνη Γιαούρτι Στραγγιστό Κλασικό 8% 1 kg,2.98,2.98,135448.jpg,0,Γιαούρτι από Γάλα Αγελάδος Χωρίς Γεύσεις,kg,,xalkiadakis,20-08-2025,26-08-2025
13,203310,Φάρμα Κουκάκη Στραγγιστό Γιαούρτι 10% 3 x 200 gr,2.38,3.97,203310.jpg,0,Γιαούρτι από Γάλα Αγελάδος Χωρίς Γεύσεις,kg,,xalkiadakis,20-08-2025,26-08-2025
14,117186,Δωδώνη Γιαούρτι Στραγγιστό Κλασικό 2% 1 kg,2.98,2.98,117186.jpg,0,Γιαούρτι από Γάλα Αγελάδος Χωρίς Γεύσεις (Χαμηλά Λιπαρά <2%),kg,,xalkiadakis,20-08-2025,26-08-2025
14,203336,Φάρμα Κουκάκη Στραγγιστό Γιαούρτι 2% 3 x 200 gr,2.38,3.97,203336.jpg,0,Γιαούρτι από Γάλα Αγελάδος Χωρίς Γεύσεις (Χαμηλά Λιπαρά <2%),kg,,xalkiadakis,20-08-2025,26-08-2025
15,203785,Βαλμά Τυρί Φέτα ΠΟΠ,10.48,10.48,203785.jpg,0,Τυρί Φέτα,kg,,xalkiadakis,20-08-2025,26-08-2025
15,88513,Δωδώνη Τυρί Φέτα Σε Άλμη 1 Kg,10.98,10.98,88513.jpg,0,Τυρί Φέτα,kg,,xalkiadakis,20-08-2025,26-08-2025
16,197313,ΤΥΡΙ GOUDA 48% AMMERLANDER ΦΡ ΤΚ,7.20,7.20,197313.jpg,0,Τυρί Γκούντα,kg,,xalkiadakis,20-08-2025,26-08-2025
17,72308,Νουνού Τυρί Light 11% Φρατζόλα,7.99,7.99,72308.jpg,0,Τυρί με Χαμηλά Λιπαρά,kg,,xalkiadakis,20-08-2025,26-08-2025
18,3031,Κύκνος Ελαφρά Συμπυκνωμένος Χυμός Τομάτας 500 gr,0.62,1.24,3031.jpg,0,Χυμός Τομάτας Διατηρημένος,kg,,xalkiadakis,20-08-2025,26-08-2025
18,152552,Κύκνος Τριμμένη Τομάτα 680 gr,1.39,2.04,152552.jpg,0,Χυμός Τομάτας Διατηρημένος,kg,,xalkiadakis,20-08-2025,26-08-2025
19,5947,Λαδάκης Farm Αυγά Medium 53 - 63 gr 10 Τεμάχια,2.49,0.25,5947.jpg,0,Αυγά,τμχ,,xalkiadakis,20-08-2025,26-08-2025
19,101673,Χαλκιαδάκης Αυγά Medium 53 - 63 gr 6 Τεμάχια,1.59,0.27,101673.jpg,1,Αυγά,τμχ,,xalkiadakis,20-08-2025,26-08-2025
20,187177,Super Fresco Μαργαρίνη Κλασικό 200 gr,0.77,3.85,187177.jpg,0,Μαργαρίνες,kg,,xalkiadakis,20-08-2025,26-08-2025
21,203313,Εκλεκτό Έξτρα Παρθένο Ελαιόλαδο 1 lt,6.90,6.90,203313.jpg,0,Παρθένο Ελαιόλαδο,lt,,xalkiadakis,20-08-2025,26-08-2025
22,189235,Αρετή Ηλιέλαιο 1 lt,2.10,2.10,189235.jpg,0,Ηλιέλαιο,lt,,xalkiadakis,20-08-2025,26-08-2025
23,203468,Αινός Αρακάς 1 kg,2.55,2.55,203468.jpg,0,Λαχανικά Κατεψυγμένα,kg,,xalkiadakis,20-08-2025,26-08-2025
23,159038,Αινός Φασολάκια Στρογγυλά 1 kg,2.65,2.65,159038.jpg,0,Λαχανικά Κατεψυγμένα,kg,,xalkiadakis,20-08-2025,26-08-2025
23,99060,Ifantis Τα Λαχανικά Μας Ελληνικά Αρακάς 1 kg,2.73,2.73,99060.jpg,0,Λαχανικά Κατεψυγμένα,kg,,xalkiadakis,20-08-2025,26-08-2025
23,105308,Ifantis Τα Λαχανικά Μας Ελληνικά Φασολάκια Πλατιά 1 kg,2.73,2.73,105308.jpg,0,Λαχανικά Κατεψυγμένα,kg,,xalkiadakis,20-08-2025,26-08-2025
24,163600,Diamant Λευκή Κρυσταλλική Ζάχαρη 1 kg,0.75,0.75,163600.jpg,0,Λευκή Ζάχαρη,kg,,xalkiadakis,20-08-2025,26-08-2025
25,164380,Nutricia Βρεφική Κρέμα Φαρίν Λακτέ 6+ Μηνών Χωρίς Προσθήκη Ζάχαρης 250 gr,1.75,7.00,164380.jpg,0,Κρέμες για βρέφη,kg,,xalkiadakis,20-08-2025,26-08-2025
26,112801,Nutricia Almiron Growing Up Ρόφημα Γάλακτος Για Νήπια Από 2+ Ετών 1 lt,1.64,1.64,112801.jpg,0,Γάλα για βρέφη,kg,,xalkiadakis,20-08-2025,26-08-2025
27,6094,Δανδάλη Ελληνικός Καφές 100 gr,1.90,19.00,6094.jpg,0,Ελληνικός Καφές,kg,,xalkiadakis,20-08-2025,26-08-2025
28,203540,Coffee Island Στιγμιαίος Καφές Classic 100 gr,3.60,36.00,203540.jpg,0,Στιγμιαίος Καφές,kg,,xalkiadakis,20-08-2025,26-08-2025
29,6079,Dallmayr Prodomo Καφές Φίλτρου 250 gr,4.89,19.56,6079.jpg,0,Γαλλικός Καφές,kg,,xalkiadakis,20-08-2025,26-08-2025
30,2900,Ζωγράφος Φρουκτόζη Χωρίς Γλουτένη 400 gr,2.58,6.45,2900.jpg,0,Γλυκαντικές Ουσίες Κατάλληλες για Διαβητικούς,kg,,xalkiadakis,20-08-2025,26-08-2025
32,120892,Χαλκιαδάκης Φακές Ψιλές 500 gr,1.33,2.66,120892.jpg,1,Φακές,kg,,xalkiadakis,20-08-2025,26-08-2025
32,94159,Κανάκης Φακές Ψιλές 1 kg,2.90,2.90,94159.jpg,0,Φακές,kg,,xalkiadakis,20-08-2025,26-08-2025
33,198310,Life Joy Φυσικός Χυμός Πορτοκάλι 1 lt,1.18,1.18,198310.jpg,0,Χυμός Πορτοκάλι,lt,,xalkiadakis,20-08-2025,26-08-2025
35,205309,Εύρηκα Oriental Υγρό Απορρυπαντικό Ρούχων Gold Orchid 35 Μεζούρες 1.4 lt,4.80,0.14,205309.jpg,0,Απορρυπαντικά Πλυντηρίου,μεζ,,xalkiadakis,20-08-2025,26-08-2025
35,205310,Εύρηκα Oriental Υγρό Απορρυπαντικό Ρούχων White Musk 35 Μεζούρες 1.4 lt,4.80,0.14,205310.jpg,0,Απορρυπαντικά Πλυντηρίου,μεζ,,xalkiadakis,20-08-2025,26-08-2025
36,178193,Χαλκιαδάκης Χλώριο Ultra Λεμόνι 750 ml,0.91,1.21,178193.jpg,1,Απορρυπαντικά για Σφουγγάρισμα - Χλωρίνες,lt,,xalkiadakis,20-08-2025,26-08-2025
37,177537,Χαλκιαδάκης Υγρό Απορρυπαντικό Πιάτων Πράσινο Μήλο 500 ml,1.28,2.56,177537.jpg,1,Απορρυπαντικά Πιάτων,lt,,xalkiadakis,20-08-2025,26-08-2025
38,158236,Puravita Χαρτί Κουζίνας Γίγας 3φυλλο 800 gr,2.46,3.08,158236.jpg,1,Χαρτί Κουζίνας,kg,,xalkiadakis,20-08-2025,26-08-2025
39,9927,Colgate Οδοντόκρεμα Sensation White 75 ml,1.60,21.33,9927.jpg,0,Οδοντόκρεμα,kg,,xalkiadakis,20-08-2025,26-08-2025
40,191209,Puravita Χαρτί Υγείας 3φυλλο Αρωματικό 10 Τεμάχια 900 gr,3.60,0.36,191209.jpg,1,Χαρτί Υγείας,τμχ,,xalkiadakis,20-08-2025,26-08-2025
41,104151,Everyday Hyperdry Σερβιέτες Ultra Plus Night 18 Τεμάχια,2.26,0.06,104151.jpg,0,Σερβιέτες ή Ταμπόν,τμχ,,xalkiadakis,20-08-2025,26-08-2025
41,104152,Everyday Hyperdry Σερβιέτες Ultra Plus Normal 18 Τεμάχια,2.26,0.06,104152.jpg,0,Σερβιέτες ή Ταμπόν,τμχ,,xalkiadakis,20-08-2025,26-08-2025
41,104150,Everyday Hyperdry Σερβιέτες Super Ultra Plus 18 Τεμάχια,2.26,0.06,104150.jpg,0,Σερβιέτες ή Ταμπόν,τμχ,,xalkiadakis,20-08-2025,26-08-2025
42,130667,Millhouse Quick Oats Δημητριακά 500 gr,1.25,2.50,130667.jpg,0,Προϊόντα Βρώμης,kg,,xalkiadakis,20-08-2025,26-08-2025
42,172440,Βιολάντα Δημητριακά Βρώμης Με Μαύρη Σοκολάτα Vegan 370 gr,1.84,4.97,172440.jpg,0,Προϊόντα Βρώμης,kg,,xalkiadakis,20-08-2025,26-08-2025
43,98298,Gliss Σαμπουάν Ενυδάτωσης Ultimate Repair 400 ml,2.62,6.55,98298.jpg,0,Σαμπουάν,lt,,xalkiadakis,20-08-2025,26-08-2025
44,36908,Έλσα Σαπούνι Παραδοσιακό 125 gr,0.80,6.40,36908.jpg,0,Σαπούνι Στερεό,kg,,xalkiadakis,20-08-2025,26-08-2025
45,183753,Sette Comfort Slip Πάνες Ακράτειας Νο2 Medium 15 Τεμάχια,6.45,0.43,183753.jpg,1,Πάνες Ακράτειας,τμχ,,xalkiadakis,20-08-2025,26-08-2025
45,183795,Sette Comfort Pants Εσώρουχα Ακράτειας Νο2 Medium 14 Τεμάχια,6.45,0.46,183795.jpg,1,Πάνες Ακράτειας,τμχ,,xalkiadakis,20-08-2025,26-08-2025
45,183796,Sette Comfort Pants Εσώρουχα Ακράτειας Νο3 Large 14 Τεμάχια,6.60,0.47,183796.jpg,1,Πάνες Ακράτειας,τμχ,,xalkiadakis,20-08-2025,26-08-2025
45,183754,Sette Comfort Slip Πάνες Ακράτειας Νο3 Large 12 Τεμάχια,6.45,0.54,183754.jpg,1,Πάνες Ακράτειας,τμχ,,xalkiadakis,20-08-2025,26-08-2025
45,183755,Sette Comfort Slip Πάνες Ακράτειας Νο4 Extra Large 10 Τεμάχια,6.45,0.65,183755.jpg,1,Πάνες Ακράτειας,τμχ,,xalkiadakis,20-08-2025,26-08-2025
46,96544,Babylino Sensitive Πάνες Βρεφών Ν3 Midi 4-9 kg 56 Τεμάχια,10.00,0.18,96544.jpg,0,Πάνες για Μωρά,τμχ,,xalkiadakis,20-08-2025,26-08-2025
46,96545,Babylino Sensitive Πάνες Βρεφών Ν4 Maxi 8-13 kg 50 Τεμάχια,10.00,0.20,96545.jpg,0,Πάνες για Μωρά,τμχ,,xalkiadakis,20-08-2025,26-08-2025
46,96547,Babylino Sensitive Πάνες Βρεφών Ν5 Junior 11-16 kg 44 Τεμάχια,10.00,0.23,96547.jpg,0,Πάνες για Μωρά,τμχ,,xalkiadakis,20-08-2025,26-08-2025
46,132235,Babylino Sensitive Πάνες Βρεφών Ν5+ Junior Plus 12-17 kg 42 Τεμάχια,10.00,0.24,132235.jpg,0,Πάνες για Μωρά,τμχ,,xalkiadakis,20-08-2025,26-08-2025
47,205197,Babycare Μωρομάντηλα Sensitive Plus 3 x 54 Τεμάχια,1.95,0.01,205197.jpg,0,Μωρομάντηλα,τμχ,,xalkiadakis,20-08-2025,26-08-2025
48,165645,Johnson's Baby Σαμπουάν Gold 750 ml,2.54,3.39,165645.jpg,0,Σαμπουάν για Μωρά,lt,,xalkiadakis,20-08-2025,26-08-2025
49,132389,Barron Υγρή Τροφή Για Σκύλους Μπουκίτσες Με Μοσχάρι 400 gr,0.64,1.60,132389.jpg,1,Τροφή για Σκύλους,kg,,xalkiadakis,20-08-2025,26-08-2025
50,132385,Barron Υγρή Τροφή Για Γάτες Μπουκίτσες Με Ψάρι 400 gr,0.62,1.55,132385.jpg,1,Τροφή για γάτες,kg,,xalkiadakis,20-08-2025,26-08-2025
51,100971,Μύλοι Αγίου Γεωργίου Αλεύρι Για Όλες Τις Χρήσεις 1 kg,0.96,0.96,100971.jpg,0,Αλεύρι,kg,,xalkiadakis,20-08-2025,26-08-2025
53,26012,Creta Farms Εν Ελλάδι Πάριζα Με Ελαιόλαδο 5% Χωρίς Γλουτένη,4.98,4.98,26012.jpg,0,Πάριζα,kg,,xalkiadakis,20-08-2025,26-08-2025
54,178960,Μεβγάλ Γάλα Love Υψηλής Παστερίωσης Πλήρες 3.5% 1 lt,1.25,1.25,178960.jpg,0,Γάλα υψηλής παστερίωσης πλήρες,kg,,xalkiadakis,20-08-2025,26-08-2025
54,194755,Φάρμα Κουκάκη Γάλα Πλήρες Διπλοφιλτραρισμένο 3.9% 1.5 lt,2.08,1.39,194755.jpg,0,Γάλα υψηλής παστερίωσης πλήρες,kg,,xalkiadakis,20-08-2025,26-08-2025
54,174587,Του Τόπου Μας Γάλα Υψηλής Παστερίωσης Πλήρες 3.7% 1 lt,1.46,1.46,174587.jpg,0,Γάλα υψηλής παστερίωσης πλήρες,kg,,xalkiadakis,20-08-2025,26-08-2025
55,178957,Μεβγάλ Γάλα Love Υψηλής Παστερίωσης Ελαφρύ 1.5% 1 lt,1.25,1.25,178957.jpg,0,Γάλα παστερίωσης με χαμηλά λιπαρά,kg,,xalkiadakis,20-08-2025,26-08-2025
55,194870,Φάρμα Κουκάκη Γάλα Ελαφρύ Διπλοφιλτραρισμένο 1.5% 1.5 lt,2.08,1.39,194870.jpg,0,Γάλα παστερίωσης με χαμηλά λιπαρά,kg,,xalkiadakis,20-08-2025,26-08-2025
55,174588,Του Τόπου Μας Γάλα Υψηλής Παστερίωσης Ελαφρύ 1.5% 1 lt,1.46,1.46,174588.jpg,0,Γάλα παστερίωσης με χαμηλά λιπαρά,kg,,xalkiadakis,20-08-2025,26-08-2025
56,4416,Μεβγάλ Τυρί Λευκό Άλμης,6.58,6.58,4416.jpg,0,Λευκό τυρί,kg,,xalkiadakis,20-08-2025,26-08-2025
57,120891,Χαλκιαδάκης Φασόλια Μέτρια 500 gr,1.42,2.84,120891.jpg,1,Φασόλια,kg,,xalkiadakis,20-08-2025,26-08-2025
57,169919,Άροσις Φασόλια Μέτρια Λάρισας 500 gr,2.32,4.64,169919.jpg,0,Φασόλια,kg,,xalkiadakis,20-08-2025,26-08-2025
58,94157,Κανάκης Ρεβίθια Χονδρά 1 kg,3.60,3.60,94157.jpg,0,Ρεβύθια,kg,,xalkiadakis,20-08-2025,26-08-2025
58,120893,Χαλκιαδάκης Ρεβίθια 500 gr,1.90,3.80,120893.jpg,1,Ρεβύθια,kg,,xalkiadakis,20-08-2025,26-08-2025
